Sort,Year,ID,Freq,Sex,CalvingGround,BirthDate,CaptureDate,LastActive ,EstAgeatCapture,MinDaysAlive,Day0Status,Day0Lat,Day0Long,Day1Status,Day1Lat,Day1Long,Day2Status,Day2Lat,Day2Long,Day3Status,Day3Lat,Day3Long,Day4Status,Day4Lat,Day4Long,Day5Status,Day5Lat,Day5Long,Day6Status,Day6Lat,Day6Long,Day7Status,Day7Lat,Day7Long,FATE
51,2011,2011071,0.259,f,Kemuk,5/22/11,5/22/11,8/7/11,0,77,1,59.1845,-157.954,,,,,,,,,,,,,,,,,,,,,,
90,2012,2012101,2.61,m,Kemuk,5/19/12,5/19/12,7/7/12,0,49,1,59.34653,-157.8472,1,59.34653,-157.8472,,,,1,59.3327,-157.84284,,,,,,,,,,,,,
97,2012,2012108,2.4,f,Kemuk,5/19/12,5/19/12,5/20/12,0,1,1,59.59192,-157.50987,1,59.58186,-157.50032,0,59.5849,-157.4901,,,,,,,,,,,,,,,,STARVED; CAPTURE RELATED?
101,2012,2012112,2.19,f,Kemuk,5/19/12,5/19/12,7/7/12,0,49,1,59.972,-157.547,1,59.97201,-157.547,,,,1,59.97536,-157.48018,1,59.95605,-157.47866,,,,,,,,,,
102,2012,2012113,2.6,f,Kemuk,5/19/12,5/19/12,6/8/12,0,20,1,59.97691,-157.58838,1,59.99229,-157.58847,,,,,,,1,59.9793,-157.44406,,,,,,,,,,
104,2012,2012115,2.59,f,Kemuk,5/19/12,5/19/12,7/19/12,0,61,1,59.6316,-157.32692,1,59.62489,-157.37318,,,,1,59.63447,-157.3851,1,59.62102,-157.4026,,,,,,,,,,
105,2012,2012116,2.8,m,Kemuk,5/19/12,5/19/12,5/19/12,0,0,1,59.61098,-157.32581,0,59.58205,-157.32186,,,,,,,,,,,,,,,,,,,UNK CAUSE; COW HESITANT TO REUNITE; CAPTURE RELATED?
113,2012,2012124,2.1,f,Kemuk,5/20/12,5/20/12,5/21/12,0,1,1,59.9275,-157.64088,1,,,0,59.92203,-157.63345,,,,,,,,,,,,,,,,TRAUMA/STOMPED?
115,2012,2012126,2.66,f,Kemuk,5/20/12,5/20/12,5/27/12,0,7,1,59.93432,-157.62015,,,,1,59.95786,-157.66154,,,,1,59.98249,-157.66235,,,,,,,,,,
117,2012,2012128,2.98,f,Kemuk,5/20/12,5/20/12,6/29/12,0,40,1,60.08862,-157.71817,,,,1,60.09481,-157.69945,,,,1,60.05598,-157.6916,,,,,,,,,,
119,2012,2012130,2.48,f,Kemuk,5/20/12,5/20/12,10/12/12,0,145,1,59.96051,-157.4435,,,,,,,,,,,,,,,,,,,,,,
124,2012,2012135,2.39,f,Kemuk,5/21/12,5/21/12,7/19/12,0,59,1,59.55197,-157.46262,,,,1,59.58303,-157.4847,,,,,,,,,,,,,,,,
125,2012,2012136,2.43,f,Kemuk,5/21/12,5/21/12,10/20/12,0,152,1,59.54404,-157.46016,1,59.55917,-157.48397,1,59.57848,-157.48133,,,,,,,,,,,,,,,,
127,2012,2012138,2.22,m,Kemuk,5/21/12,5/21/12,6/8/12,0,18,1,59.55162,-157.45468,1,59.58118,-157.52917,,,,,,,,,,,,,,,,,,,
131,2012,2012142,2.55,m,Kemuk,5/21/12,5/21/12,10/12/12,0,144,1,59.85769,-157.34016,,,,,,,1,59.83025,-157.35304,,,,,,,,,,,,,
132,2012,2012143,2.8,unk,Kemuk,5/21/12,5/21/12,5/28/12,0,7,1,59.93721,-157.18098,1,59.90391,-157.17926,1,59.91158,-157.20221,1,59.88181,-157.22931,,,,,,,,,,,,,
134,2012,2012145,2.05,m,Kemuk,5/21/12,5/21/12,7/19/12,0,59,1,59.89322,-157.13072,,,,,,,1,59.93856,-157.08656,,,,,,,,,,,,,
135,2012,2012146,2.34,unk,Kemuk,5/21/12,5/21/12,10/12/12,0,144,1,59.89244,-157.11147,1,59.90811,-157.15068,,,,,,,,,,,,,,,,,,,
136,2012,2012147,2.21,m,Kemuk,5/21/12,5/21/12,10/20/12,0,152,1,59.88829,-157.17705,,,,1,59.88825,-157.15363,,,,,,,,,,,,,,,,
147,2012,2012206,1.84,unk,Tundra,5/17/12,5/17/12,7/6/12,0,50,1,61.35777,-155.9592,,,,,,,,,,1,61.36819,-155.98171,,,,,,,,,,
149,2012,2012208,1.88,f,Tundra,5/17/12,5/17/12,5/17/12,0,0,1,61.34362,-155.95495,0,61.34574,-155.9592,,,,,,,,,,,,,,,,,,,DROWNED
150,2012,2012209,1.58,f,Tundra,5/17/12,5/17/12,7/6/12,0,50,1,61.25852,-155.76762,,,,,,,,,,,,,,,,,,,,,,
151,2012,2012210,3.93,f,Tundra,5/17/12,5/17/12,10/5/12,0,141,1,61.18127,-155.7405,,,,,,,,,,,,,,,,,,,,,,
152,2012,2012211,3.55,f,Tundra,5/17/12,5/17/12,5/21/12,0,4,1,61.19932,-155.72027,1,,,1,,,1,,,0,61.19133,-155.70098,,,,,,,,,,PREDATOR
153,2012,2012212,3.13,m,Tundra,5/17/12,5/17/12,10/11/12,0,147,1,61.19958,-155.74955,1,61.19613,-155.76533,,,,,,,,,,,,,,,,,,,
154,2012,2012213,3.541,m,Tundra,5/17/12,5/17/12,7/6/12,0,50,1,61.2109,-155.76,1,61.21259,-155.75725,,,,,,,,,,,,,,,,,,,
155,2012,2012214,3.15,m,Tundra,5/17/12,5/17/12,6/14/12,0,28,1,61.16037,-155.75853,1,61.14257,-155.82146,,,,,,,,,,,,,,,,,,,
156,2012,2012215,3.33,f,Tundra,5/17/12,5/17/12,5/20/12,0,3,1,61.16373,-155.75363,1,61.17815,-155.73814,1,,,1,,,0,61.17695,-155.7463,,,,,,,,,,BEAR
159,2012,2012218,1.86,f,Tundra,5/17/12,5/17/12,7/6/12,0,50,1,61.11977,-155.71722,1,61.0997,-155.77148,,,,,,,,,,,,,,,,,,,
160,2012,2012219,3.21,m,Tundra,5/18/12,5/18/12,7/6/12,0,49,1,61.14267,-155.71108,,,,,,,,,,,,,,,,,,,,,,
163,2012,2012222,3,m,Tundra,5/18/12,5/18/12,5/18/12,0,0,1,61.16222,-155.74573,1,61.18267,-155.76154,0,,,,,,,,,,,,,,,,,,DROWNED
164,2012,2012223,1.91,f,Tundra,5/18/12,5/18/12,7/6/12,0,49,1,61.16222,-155.74573,,,,,,,,,,,,,,,,,,,,,,
166,2012,2012225,3.09,f,Tundra,5/18/12,5/18/12,5/18/12,0,0,1,61.40337,-155.88842,1,61.39733,-155.89,0,,,,,,,,,,,,,,,,,,EAGLE
169,2012,2012228,3.07,m,Tundra,5/18/12,5/18/12,5/20/12,0,2,1,61.20272,-155.75277,,,,0,61.21868,-155.724,,,,,,,,,,,,,,,,DROWNED
173,2012,2012232,1.06,m,Tundra,5/18/12,5/18/12,5/23/12,0,5,1,61.27087,-155.7696,,61.26796,-155.76881,,,,,,,,,,,,,,,,,,,
176,2012,2012235,3.29,f,Tundra,5/18/12,5/18/12,5/18/12,0,0,1,61.20192,-156.00948,1,61.19292,-155.89715,0,,,,,,,,,,,,,,,,,,BEAR
178,2012,2012237,3.87,m,Tundra,5/19/12,5/19/12,5/30/12,0,11,1,61.18127,-155.7405,,,,1,61.01626,-155.41142,,,,,,,,,,,,,,,,
190,2012,2012249,3.09,f,Tundra,5/19/12,5/19/12,7/6/12,0,48,1,61.12765,-155.86282,1,61.16163,-155.84039,,,,,,,,,,,,,,,,,,,
192,2012,2012251,3.9,f,Tundra,5/20/12,5/20/12,5/21/12,0,1,1,61.32683,-156.14117,1,,,0,,,,,,,,,,,,,,,,,,BEAR
195,2012,2012254,1.78,f,Tundra,5/21/12,5/21/12,5/23/12,0,2,1,61.2098,-156.21687,1,,,1,,,0,61.18767,-156.183,,,,,,,,,,,,,BEAR
199,2012,2012258,3.25,f,Tundra,5/22/12,5/22/12,5/27/12,0,5,1,61.142,-155.77967,,61.1057,-155.8132,,,,,,,,,,,,,,,,,,,
200,2012,2012259,1.88,f,Tundra,5/22/12,5/22/12,10/11/12,0,142,1,61.16333,-155.78867,1,61.14891,-155.77422,,,,,,,,,,,,,,,,,,,
203,2012,2012262,3.55,m,Tundra,5/23/12,5/23/12,5/28/12,0,5,1,61.06933,-155.76867,,61.06771,-155.7697,,,,,,,,61.06516,-155.7575,,,,,,,,,,
212,2013,2013105,2.982,m,Kemuk,5/18/13,5/18/13,5/18/13,0,0,1,59.8702,-156.88939,0,59.87159,-156.88115,,,,,,,,,,,,,,,,,,,DROWNED
214,2013,2013107,0.523,f,Kemuk,5/19/13,5/19/13,4/3/14,0,319,1,59.89682,-157.56137,1,59.93437,-157.60518,,,,,,,,,,,,,,,,,,,
217,2013,2013110,2.67,f,Kemuk,5/19/13,5/19/13,7/12/13,0,54,1,59.88842,-157.50621,,,,,,,,,,1,59.92279,-157.49352,,,,,,,,,,
225,2013,2013118,3.332,f,Kemuk,5/19/13,5/19/13,4/3/14,0,319,1,59.70891,-157.40254,1,59.71014,-157.42863,,,,,,,,,,,,,,,,,,,
230,2013,2013123,3.23,f,Kemuk,5/20/13,5/20/13,12/16/13,0,210,1,59.89882,-157.4982,1,59.9176,-157.49833,,,,,,,,,,,,,,,,,,,
231,2013,2013124,0.332,f,Kemuk,5/20/13,5/20/13,5/15/14,0,360,1,59.91518,-157.51117,,,,1,59.93069,-157.58476,,,,,,,,,,,,,,,,
235,2013,2013128,3.39,f,Kemuk,5/20/13,5/20/13,5/21/13,0,1,1,60.02642,-157.58148,0,60.03128,-157.59007,,,,,,,,,,,,,,,,,,,ABANDONED; CAPTURE RELATED?
271,2013,2013214,3.501,m,Tundra,5/17/13,5/17/13,5/19/13,0,2,1,61.17855,-155.73884,1,61.17857,-155.73886,0,61.17745,-155.72258,,,,,,,,,,,,,,,,BEAR
277,2013,2013220,2.043,f,Tundra,5/17/13,5/17/13,5/28/13,0,11,1,61.29282,-155.75342,1,61.29286,-155.74251,,,,,,,,,,,,,,,,,,,
280,2013,2013223,3.79,f,Tundra,5/17/13,5/17/13,5/17/13,0,0,1,61.33465,-155.90987,1,61.33617,-155.87159,0,,,,,,,,,,,,,,,,,,WOLF
284,2013,2013227,1.955,m,Tundra,5/18/13,5/18/13,7/12/13,0,55,1,61.18138,-155.76373,1,61.18211,-155.76172,,,,,,,,,,,,,,,,,,,
286,2013,2013229,1.842,m,Tundra,5/18/13,5/18/13,5/28/13,0,10,1,61.15984,-155.72087,1,61.15331,-155.74579,,,,,,,1,61.11687,-155.69886,,,,,,,,,,
300,2013,2013243,1.782,f,Tundra,5/19/13,5/19/13,5/23/13,0,4,1,61.27357,-155.93778,1,61.27802,-155.95984,,,,,,,0,61.2749,-155.9238,,,,,,,,,,BEAR
303,2013,2013246,1.573,m,Tundra,5/20/13,5/20/13,5/29/13,0,9,1,61.2269,-156.07408,1,61.22171,-156.12786,,,,,,,,,,,,,,,,,,,
304,2013,2013247,3.61,m,Tundra,5/20/13,5/20/13,5/28/13,0,8,1,61.22967,-156.07832,1,61.26334,-156.07806,,,,,,,,,,,,,,,,,,,
305,2013,2013248,1.561,m,Tundra,5/20/13,5/20/13,10/22/13,0,155,1,61.31206,-156.0914,1,61.30462,-156.03352,,,,,,,1,61.3458,-156.07443,,,,,,,,,,
308,2013,2013251,3.79,f,Tundra,5/20/13,5/20/13,5/20/13,0,0,1,61.13029,-155.77487,1,61.1236,-155.7194,0,,,,,,,,,,,,,,,,,,BEAR
315,2013,2013258,3.56,m,Tundra,5/23/13,5/23/13,5/24/13,0,1,1,61.1428,-156.0624,0,61.1881,-156.05652,,,,,,,,,,,,,,,,,,,BEAR
321,2013,2013264,3.68,m,Tundra,5/25/13,5/25/13,7/12/13,0,48,1,61.18362,-156.05654,1,61.18807,-156.06886,,,,,,,,,,,,,,,,,,,
322,2013,2013265,3.93,f,Tundra,5/25/13,5/25/13,5/25/13,0,0,1,61.20394,-155.98532,1,61.20394,-155.98532,0,,,,,,,,,,,,,,,,,,ABANDONED/EUTHANIZED; CAPTURE RELATED
328,2014,2014102,1.801,f,Kemuk,5/18/14,5/18/14,5/18/14,0,0,1,59.47939,-157.83367,0,59.46585,-157.84178,,,,,,,,,,,,,,,,,,,DROWNED
329,2014,2014103,1.491,unk,Kemuk,5/18/14,5/18/14,10/15/14,0,150,1,59.47528,-157.85742,1,59.45937,-157.80437,,,,,,,,,,,,,,,,,,,
330,2014,2014104,1.94,f,Kemuk,5/18/14,5/18/14,6/26/14,0,39,1,59.47792,-157.85552,1,59.46182,-157.81073,,,,,,,,,,,,,,,,,,,
331,2014,2014105,1.251,m,Kemuk,5/18/14,5/18/14,6/26/14,0,39,1,59.47847,-157.86339,1,59.48412,-157.8821,,,,,,,,,,,,,,,,,,,
333,2014,2014107,1.91,f,Kemuk,5/18/14,5/18/14,5/26/14,0,8,1,59.45213,-157.88777,,,,,,,,,,,,,,,,,,,,,,
337,2014,2014111,1.9,m,Kemuk,5/18/14,5/18/14,5/18/14,0,0,1,59.48118,-157.69177,0,59.4849,-157.68743,,,,,,,,,,,,,,,,,,,PREDATOR
338,2014,2014112,1.57,m,Kemuk,5/18/14,5/18/14,5/18/14,0,0,1,59.47678,-157.71001,,,,,,,,,,,,,,,,,,,,,,MISSING SINCE CAPTURE
339,2014,2014113,1.88,f,Kemuk,5/18/14,5/18/14,7/1/14,0,44,1,59.44072,-157.69846,1,59.4506,-157.6825,,,,,,,,,,,,,,,,,,,
340,2014,2014114,0.68,m,Kemuk,5/18/14,5/18/14,5/20/14,0,2,1,59.43966,-157.67884,1,59.43709,-157.67582,0,59.44167,-157.669,,,,,,,,,,,,,,,,STARVED; CAPTURE RELATED?
344,2014,2014118,3.72,f,Kemuk,5/18/14,5/18/14,5/27/14,0,9,1,60.26323,-158.60017,1,60.28336,-158.59754,1,60.23429,-158.53881,,,,,,,,,,,,,,,,
352,2014,2014207,2.66,m,Mulchatna,5/16/14,5/16/14,5/27/14,0,11,1,60.77074,-154.24924,1,60.77085,-154.23648,,,,,,,1,60.72799,-154.29874,,,,,,,,,,
353,2014,2014208,2.041,m,Mulchatna,5/16/14,5/16/14,5/17/14,0,1,1,60.81868,-154.1004,0,60.81775,-154.10993,,,,,,,,,,,,,,,,,,,STARVED
356,2014,2014211,3.64,f,Mulchatna,5/16/14,5/16/14,5/25/14,0,9,1,60.74866,-153.99528,1,60.75034,-153.98677,,,,,,,1,60.74202,-153.97123,,,,,,,,,,
358,2014,2014213,3.95,f,Mulchatna,5/16/14,5/16/14,5/16/14,0,0,1,60.75543,-153.97861,1,60.75533,-153.97983,0,,,,,,,,,,,,,,,,,,EAGLE
359,2014,2014214,3.701,m,Mulchatna,5/16/14,5/16/14,5/19/15,0,368,1,60.736,-154,1,60.75113,-153.97514,,,,,,,1,60.73917,-153.97545,,,,,,,,,,
367,2014,2014222,3.4,m,Mulchatna,5/17/14,5/17/14,6/26/14,0,40,1,60.78759,-154.09973,,,,,,,1,60.88881,-154.00946,1,60.82911,-153.92474,,,,,,,,,,
368,2014,2014223,3.97,f,Mulchatna,5/17/14,5/17/14,10/29/14,0,165,1,60.79617,-154.08915,,,,,,,1,60.77475,-154.15534,1,60.78318,-154.16289,,,,,,,,,,
369,2014,2014224,3.371,f,Mulchatna,5/17/14,5/17/14,5/17/14,0,0,1,60.74024,-154.06485,1,60.73675,-154.06529,0,,,,,,,,,,,,,,,,,,EAGLE
370,2014,2014225,3.589,m,Mulchatna,5/17/14,5/17/14,12/18/14,0,215,1,60.714,-153.99101,,,,,,,1,60.72028,-154.00063,,,,,,,,,,,,,
372,2014,2014227,3.93,f,Mulchatna,5/17/14,5/17/14,5/19/15,0,367,1,60.70104,-153.96224,,,,,,,1,60.72949,-153.97042,,,,,,,,,,,,,
374,2014,2014229,3.78,f,Mulchatna,5/17/14,5/17/14,12/1/14,0,198,1,60.70341,-153.94793,,,,,,,1,60.74221,-153.97416,,,,,,,,,,,,,
375,2014,2014230,3.61,m,Mulchatna,5/17/14,5/17/14,5/17/14,0,0,1,60.70486,-153.95721,0,60.6994,-153.95099,,,,,,,,,,,,,,,,,,,WOLVERINE
377,2014,2014232,3.95,f,Mulchatna,5/19/14,5/19/14,5/28/14,0,9,1,60.74621,-154.05638,1,60.74617,-154.05633,,,,,,,,,,,,,,,,,,,
378,2014,2014233,2.6,m,Mulchatna,5/19/14,5/19/14,5/26/14,0,7,1,60.76887,-153.99579,1,60.76893,-153.9955,,,,,,,,,,,,,,,,,,,
380,2014,2014235,3.311,m,Mulchatna,5/20/14,5/20/14,5/19/15,0,364,1,60.73985,-153.98942,1,60.72676,-153.98991,,,,,,,,,,,,,,,,,,,
381,2014,2014236,2.041,m,Mulchatna,5/20/14,5/20/14,5/20/14,0,0,1,60.74742,-153.95931,1,60.7442,-153.9643,0,,,,,,,,,,,,,,,,,,EAGLE
382,2014,2014237,3.61,unk,Mulchatna,5/20/14,5/20/14,6/2/14,0,13,1,60.73475,-153.98182,1,60.73703,-154.01806,,,,,,,,,,,,,,,,,,,
383,2014,2014238,3.67,unk,Mulchatna,5/20/14,5/20/14,4/1/15,0,316,1,60.77355,-154.05555,1,60.7362,-154.11334,,,,,,,,,,,,,,,,,,,
386,2014,2014241,1.9,unk,Mulchatna,5/22/14,5/22/14,6/26/14,0,35,1,60.83997,-154.15038,1,60.83593,-154.09834,,,,,,,,,,,,,,,,,,,
391,2017,2017102,3.03,m,Tikchik,5/15/17,5/15/17,5/15/17,0,0,1,60.31864,-158.73715,1,60.31852,-158.73742,0,,,,,,,,,,,,,,,,,,PREDATOR; CAPTURE RELATED?
395,2017,2017106,2.15,f,Tikchik,5/15/17,5/15/17,10/14/17,0,152,1,60.35117,-158.74878,,,,1,60.38624,-158.76886,,,,,,,,,,,,,,,,
396,2017,2017107,0.49,f,Tikchik,5/15/17,5/15/17,6/22/17,0,38,1,60.34761,-158.76707,,,,1,60.38305,-158.77974,,,,,,,,,,,,,,,,
397,2017,2017108,0.52,f,Tikchik,5/15/17,5/15/17,4/3/18,0,323,1,60.35201,-158.77824,,,,1,60.38429,-158.75432,,,,,,,,,,,,,,,,
399,2017,2017110,2.07,m,Tikchik,5/15/17,5/15/17,5/18/17,0,3,1,60.42644,-158.85087,,,,,,,0,60.41203,-158.84645,,,,,,,,,,,,,BEAR
403,2017,2017114,2.11,f,Tikchik,5/15/17,5/15/17,5/15/17,0,0,1,60.40936,-158.82619,,,,0,60.40122,-158.81536,,,,,,,,,,,,,,,,PREDATOR
404,2017,2017115,2.16,unk,Tikchik,5/15/17,5/15/17,5/20/17,0,5,1,60.40269,-158.58359,,,,,,,,60.40002,-158.57073,,,,,,,,,,,,,
409,2017,2017120,3.04,unk,Tikchik,5/15/17,5/15/17,6/22/17,0,38,1,60.29841,-158.53953,,,,1,60.31149,-158.4733,,,,,,,,,,,,,,,,
413,2017,2017124,1.86,f,Tikchik,5/15/17,5/15/17,5/22/17,0,7,1,60.28569,-158.63745,,,,1,60.26277,-158.64538,,,,,,,,,,,,,,,,
414,2017,2017125,0.92,f,Tikchik,5/15/17,5/15/17,5/25/17,0,10,1,60.29215,-158.63499,,,,1,60.28701,-158.63454,,,,,,,,,,,,,,,,
416,2017,2017127,0.56,f,Tikchik,5/15/17,5/15/17,6/22/17,0,38,1,60.32031,-158.69593,,,,1,60.30893,-158.7738,,,,,,,,,,,,,,,,
417,2017,2017128,1.89,m,Tikchik,5/15/17,5/15/17,6/22/17,0,38,1,60.32177,-158.63143,,,,1,60.35201,-158.68594,,,,,,,,,,,,,,,,
418,2017,2017129,0.33,f,Tikchik,5/15/17,5/15/17,10/15/17,0,153,1,60.32437,-158.5624,,,,1,60.33767,-158.61257,,,,,,,,,,,,,,,,
422,2017,2017133,2.37,unk,Tikchik,5/18/17,5/18/17,10/14/17,0,149,1,60.4235,-158.8441,,,,1,60.41121,-158.82917,,,,,,,,,,,,,,,,
430,2017,2017202,2.24,f,Mulchatna,5/13/17,5/13/17,6/1/17,0,19,1,60.52163,-155.32905,,,,,,,,,,,,,,,,,,,,,,
457,2017,2017229,2.18,f,Mulchatna,5/14/17,5/14/17,5/15/18,0,366,1,60.555,-155.32464,,,,,,,,,,,,,,,,,,,,,,
469,2018,2018103,2.31,f,UMulch,5/13/18,5/13/18,5/24/18,0,11,1,60.6707,-154.9815,,,,,,,,,,,,,,,,,,,,,,
470,2018,2018104,2.16,f,UMulch,5/13/18,5/13/18,8/3/18,0,82,1,60.6661,-154.9937,,,,,,,,,,,,,,,,,,,,,,
485,2018,2018119,2.2,unk,UMulch,5/16/18,5/16/18,11/12/18,0,180,1,61.1445,-155.9395,,,,,,,,,,,,,,,,,,,,,,
497,2018,2018131,2.29,unk,UMulch,5/20/18,5/20/18,5/27/18,0,7,1,60.8151,-155.6922,1,60.81,-155.69,,,,,,,,,,,,,,,,,,,
499,2018,2018133,2.11,m,UMulch,5/20/18,5/20/18,5/25/18,0,5,1,60.9006,-155.7947,,60.90714,-155.79235,,,,,,,,,,,,,,,,,,,
506,2018,2018200,0.98,f,Tikchik,5/13/18,5/13/18,5/16/18,0,3,1,60.1106,-157.6898,,,,,,,0,60.067,-157.677,,,,,,,,,,,,,BEAR
508,2018,2018202,3.59,m,Tikchik,5/13/18,5/13/18,6/6/18,0,24,1,60.1549,-158.369,,,,,,,,,,,,,,,,,,,,,,
511,2018,2018205,3.7,m,Tikchik,5/14/18,5/14/18,5/17/18,0,3,1,60.1669,-158.27,,,,,,,0,60.191,-158.328,,,,,,,,,,,,,BEAR
512,2018,2018206,3.44,f,Tikchik,5/14/18,5/14/18,9/5/18,0,114,1,60.2172,-158.3116,,,,,,,,,,,,,,,,,,,,,,
519,2018,2018213,3.56,f,Tikchik,5/14/18,5/14/18,5/16/18,0,2,1,59.9547,-157.9276,,,,0,59.944,-157.937,,,,,,,,,,,,,,,,BEAR
521,2018,2018215,3.57,f,Tikchik,5/17/18,5/17/18,5/18/18,0,1,1,60.3789,-158.3,0,60.373,-158.305,,,,,,,,,,,,,,,,,,,STARVED
523,2018,2018217,3.87,f,Tikchik,5/17/18,5/17/18,5/20/18,0,3,1,60.4026,-158.2964,,,,,,,0,60.401,-158.294,,,,,,,,,,,,,BEAR
526,2018,2018220,3.52,m,Tikchik,5/17/18,5/17/18,11/12/18,0,179,1,60.4392,-158.4185,,,,,,,,,,,,,,,,,,,,,,
527,2018,2018221,3.82,m,Tikchik,5/17/18,5/17/18,6/11/18,0,25,1,60.4563,-158.4206,,,,,,,,,,,,,,,,,,,,,,
528,2018,2018222,3.62,m,Tikchik,5/17/18,5/17/18,10/13/18,0,149,1,60.4649,-158.4112,,,,,,,,,,,,,,,,,,,,,,
531,2018,2018225,3.55,m,Tikchik,5/19/18,5/19/18,6/11/18,0,23,1,60.4504,-158.2744,,,,,,,,,,,,,,,,,,,,,,
532,2018,2018226,3.61,m,Tikchik,5/19/18,5/19/18,5/20/18,0,1,1,60.4557,-158.3229,0,60.455,-158.325,,,,,,,,,,,,,,,,,,,STARVED; CAPTURE RELATED?
537,2018,2018231,3.64,f,Tikchik,5/19/18,5/19/18,5/24/18,0,5,1,60.4498,-158.4357,,,,,,,,,,,,,,,,,,,,,,
539,2018,2018233,2.47,f,Tikchik,5/21/18,5/21/18,10/13/18,0,145,1,60.3765,-158.6009,,,,,,,,,,,,,,,,,,,,,,
545,2018,2018239,2.36,m,Tikchik,5/21/18,5/21/18,5/26/18,0,5,1,60.3346,-158.6341,,,,,,,,,,,,,,,,,,,,,,
546,2018,2018240,3.19,f,Tikchik,5/21/18,5/21/18,6/11/18,0,21,1,60.3678,-158.5332,,,,,,,,,,,,,,,,,,,,,,
550,2019,2019100,2.58,m,Tikchik,5/12/19,5/12/19,5/12/19,0,0,1,60.15419,-158.29272,0,60.3586,-158.5372,,,,,,,,,,,,,,,,,,,BEAR
551,2019,2019101,3.92,m,Tikchik,5/12/19,5/12/19,12/4/19,0,206,1,60.15756,-158.31944,1,60.17397,-158.29523,,,,1,60.08273,-158.3126,,,,,,,,,,,,,
557,2019,2019107,3.04,m,Tikchik,5/12/19,5/12/19,5/12/19,0,0,1,60.18943,-158.33681,0,60.2972,-158.6388,,,,,,,,,,,,,,,,,,,BEAR
573,2019,2019123,0.15,m,Tikchik,5/14/19,5/14/19,5/14/19,0,0,1,60.22759,-158.31339,0,60.4433,-158.5075,,,,,,,,,,,,,,,,,,,PREDATOR
594,2019,2019144,2.4,f,Tikchik,5/18/19,5/18/19,5/19/19,0,1,1,60.25886,-158.50815,,,,,,,,,,,,,,,,,,,,,,PREDATOR (10/13)
595,2019,2019145,3.05,f,Tikchik,5/18/19,5/18/19,5/19/19,0,1,1,60.30646,-158.50584,,,,,,,,,,,,,,,,,,,,,,UNK FATE (10/11)
601,2019,2019151,2.53, unk ,Tikchik,5/20/19,5/20/19,5/20/19,0,0,1,60.24838,-158.23556,1,60.24838,-158.23556,0,,,,,,,,,,,,,,,,,,ABANDONED; CAPTURE RELATED?
612,2019,2019201,0.52,f,Mosquito/MCH,5/13/19,5/13/19,10/11/19,0,151,1,60.66347,-155.97963,,,,,,,,,,,,,,,,,,,,,,
616,2019,2019205,3.03,f,Mosquito/MCH,5/13/19,5/13/19,10/11/19,0,151,1,60.6175,-156.2798,1,60.62,-156.28,1,60.70148,-156.06513,,,,,,,,,,,,,,,,
655,2020,2020103,1.92,m,Mosquito/MCH,5/16/20,5/16/20,7/29/20,0,74,1,60.5743,-156.28846,1,60.57499,-156.29801,,,,,,,,,,,,,,,,,,,
666,2020,2020114,3.19,m,Mosquito/MCH,5/16/20,5/16/20,5/17/20,0,1,1,60.63098,-155.90115,,,,,,,,,,0,60.6292,-155.9252,,,,,,,,,,EAGLE
672,2020,2020120,3.51,f,Mosquito/MCH,5/16/20,5/16/20,5/11/21,0,360,1,60.54807,-156.0336,1,60.54126,-156.02011,,,,,,,,,,,,,,,,,,,
698,2021,2021104,3.59,m,Mosquito/MCH,5/15/21,5/15/21,6/28/21,0,44,1,60.50674,-156.16905,1,60.5075,-156.16551,1,60.46798,-156.24362,1,60.49587,-156.22293,1,60.47365,-156.21816,,,,,,,,,,
709,2021,2021115,3.43,m,Mosquito/MCH,5/17/21,5/17/21,5/17/21,0,0,1,60.77972,-155.72312,0,60.77036,-155.7058,,,,,,,,,,,,,,,,,,,BEAR
712,2021,2021118,0.79,f,Mosquito/MCH,5/17/21,5/17/21,5/18/21,0,1,1,60.75812,-155.56456,1,60.75545,-155.56382,0,60.7456,-155.5485,,,,,,,,,,,,,,,,WOLVERINE
713,2021,2021119,0.9,m,Tikchik,5/18/21,5/18/21,10/18/21,0,153,1,60.22332,-158.266,1,60.22934,-158.24094,,,,,,,,,,,,,,,,,,,
723,2021,2021129,3.47,m,Mosquito/MCH,5/19/21,5/19/21,5/21/21,0,2,1,60.9415,-155.76348,,,,1,60.93897,-155.69751,1,60.94082,-155.72577,,,,,,,,,,,,,PREDATOR (5/24)
729,2021,2021135,2.49,f,Tikchik,5/22/21,5/22/21,10/18/21,0,149,1,60.23915,-158.22627,,,,,,,,,,,,,,,,,,,,,,
731,2021,2021137,2.42,m,Tikchik,5/22/21,5/22/21,6/30/21,0,39,1,60.18768,-158.46418,,,,,,,,,,,,,,,,,,,,,,
735,2021,2021141,2.15,unk,Tikchik,5/22/21,5/22/21,5/23/21,0,1,1,60.36983,-158.74654,,,,0,60.314,-158.6865,,,,,,,,,,,,,,,,WOLF
1,2011,2011021,3.409,f,Kemuk,5/17/11,5/18/11,5/19/11,1,2,1,,,1,59.34533,-157.886,1,59.34445,-157.8818,0,59.3503,-157.84763,,,,,,,,,,,,,BEAR
2,2011,2011022,0.15,f,Kemuk,5/17/11,5/18/11,10/19/11,1,155,1,,,1,59.4445,-157.6555,1,59.43415,-157.66115,,,,,,,,,,,,,,,,
3,2011,2011023,3.95,m,Kemuk,5/17/11,5/18/11,9/28/11,1,134,1,,,1,59.46933,-157.68017,1,59.46722,-157.69843,,,,1,59.44885,157.74852,1,59.44885,157.74852,,,,,,,
4,2011,2011024,3.53,f,Kemuk,5/17/11,5/18/11,6/16/11,1,30,1,,,1,59.446,-157.73233,1,59.43997,-157.75702,,,,,,,,,,,,,,,,
7,2011,2011027,3.61,f,Kemuk,5/17/11,5/18/11,5/19/11,1,2,1,,,1,59.83067,-157.616,1,,,,,,0,59.82878,-157.63493,,,,,,,,,,STARVED
10,2011,2011030,3.8,f,Kemuk,5/17/11,5/18/11,10/19/11,1,155,1,,,1,59.69283,-157.7775,1,59.69368,-157.91863,,,,1,59.65233,157.9448,,,,,,,,,,
11,2011,2011031,3.82,f,Kemuk,5/18/11,5/19/11,4/2/12,1,320,1,,,1,59.346,-157.9705,1,59.65233,-157.9448,,,,,,,,,,,,,,,,
12,2011,2011032,3.399,f,Kemuk,5/18/11,5/19/11,10/18/11,1,153,1,,,1,59.40383,-157.93283,,,,,,,,,,,,,,,,,,,
13,2011,2011033,3.59,f,Kemuk,5/18/11,5/19/11,7/1/11,1,44,1,,,1,59.443,-157.90633,,,,,,,,,,,,,,,,,,,
14,2011,2011034,3.97,m,Kemuk,5/18/11,5/19/11,5/20/11,1,2,1,,,1,59.54283,-157.7245,1,,,0,59.5453,-157.714,,,,,,,,,,,,,PREDATOR
15,2011,2011035,3.98,f,Kemuk,5/18/11,5/19/11,10/18/11,1,153,1,,,1,59.62933,-157.55333,,,,1,59.63548,157.62163,,,,,,,,,,,,,
18,2011,2011038,3.91,f,Kemuk,5/18/11,5/19/11,5/25/12,1,373,1,,,1,60.0075,-157.6105,,,,1,60.01602,157.5942,1,60.0265,157.58783,,,,,,,,,,
19,2011,2011039,3.6,f,Kemuk,5/18/11,5/19/11,9/28/11,1,133,1,,,1,59.8875,-157.49033,,,,1,60.05368,157.65942,,,,,,,,,,,,,
21,2011,2011041,3.67,m,Kemuk,5/18/11,5/19/11,9/28/11,1,133,1,,,1,59.49167,-157.89217,,,,,,,,,,,,,,,,,,,
22,2011,2011042,1.86,m,Tundra,5/19/11,5/20/11,5/20/11,1,1,1,,,1,61.16433,-155.9025,,,,,61.16166,-155.908,,,,,,,,,,,,,UNK FATE; SLIPPED COLLAR?
24,2011,2011044,1.58,m,Tundra,5/19/11,5/20/11,5/22/11,1,3,1,,,1,61.2825,-155.92067,1,,,1,,,,,,,,,,,,,,,BEAR
25,2011,2011045,1.84,f,Tundra,5/19/11,5/20/11,5/20/11,1,1,1,,,1,61.32417,-156.03383,,,,0,61.33783,-156.067,,,,,,,,,,,,,UNKNOWN; COLLAR ONLY
27,2011,2011047,1.95,m,Tundra,5/19/11,5/20/11,5/20/11,1,1,1,,,1,61.27183,-156.3175,0,61.31,-156.322,,,,,,,,,,,,,,,,WOLF
28,2011,2011048,1.88,m,Tundra,5/19/11,5/20/11,5/22/11,1,3,1,,,1,61.12267,-156.607,1,,,1,,,,,,,,,,,,,,,BEAR
29,2011,2011049,3.84,m,Kemuk,5/20/11,5/21/11,9/28/11,1,131,1,,,1,59.171,-158.20867,,,,,,,,,,,,,,,,,,,
32,2011,2011052,3.45,unk,Kemuk,5/20/11,5/21/11,10/18/11,1,151,1,,,1,59.1845,-158.04483,,,,,,,,,,,,,,,,,,,
33,2011,2011053,3.581,unk,Kemuk,5/20/11,5/21/11,9/28/11,1,131,1,,,1,59.19083,-157.9575,,,,,,,,,,,,,,,,,,,
34,2011,2011054,3.51,unk,Kemuk,5/20/11,5/21/11,10/18/11,1,151,1,,,1,59.20117,-157.95633,,,,,,,,,,,,,,,,,,,
36,2011,2011056,3.541,unk,Kemuk,5/20/11,5/21/11,5/21/11,1,1,1,,,1,59.527,-157.53617,0,59.5245,-157.5345,,,,,,,,,,,,,,,,COLLAR ONLY
37,2011,2011057,3.49,m,Kemuk,5/20/11,5/21/11,5/21/11,1,1,1,,,1,59.5665,-157.64233,,,,,,,,,,,,,,,,,,,UNK FATE
39,2011,2011059,3.56,unk,Kemuk,5/20/11,5/21/11,10/18/11,1,151,1,,,1,59.5805,-157.73917,1,59.609,-157.759,,,,,,,,,,,,,,,,
41,2011,2011061,3.64,f,Kemuk,5/20/11,5/21/11,5/21/11,1,1,1,,,1,59.56817,-157.70017,0,59.5875,-157.696,,,,,,,,,,,,,,,,BEAR
42,2011,2011062,3.5,f,Kemuk,5/20/11,5/21/11,5/24/11,1,4,1,,,1,59.48983,-157.71267,1,,,1,,,1,,,,,,,,,,,,UNK
43,2011,2011063,3.44,f,Kemuk,5/20/11,5/21/11,6/2/11,1,13,1,,,1,59.17183,-158.19233,,,,,,,,,,,,,,,,,,,
44,2011,2011064,3.7,f,Kemuk,5/21/11,5/22/11,7/12/11,1,52,1,,,1,59.17483,-158.23633,,,,,,,,,,,,,,,,,,,
45,2011,2011065,3.48,unk,Kemuk,5/21/11,5/22/11,10/18/11,1,150,1,,,1,59.1765,-158.22117,,,,,,,,,,,,,,,,,,,
46,2011,2011066,3.62,m,Kemuk,5/21/11,5/22/11,5/23/11,1,2,1,,,1,59.175,-158.123,1,,,0,59.14983,-158.09783,,,,,,,,,,,,,DROWNED
47,2011,2011067,3.55,m,Kemuk,5/21/11,5/22/11,7/1/11,1,41,1,,,1,59.15617,-158.11867,,,,,,,,,,,,,,,,,,,
48,2011,2011068,0.56,unk,Kemuk,5/21/11,5/22/11,10/18/11,1,150,1,,,1,59.14667,-158.17283,,,,,,,,,,,,,,,,,,,
49,2011,2011069,3.9,f,Kemuk,5/21/11,5/22/11,6/16/11,1,26,1,,,1,59.16417,-158.11383,,,,,,,,,,,,,,,,,,,
50,2011,2011070,0.329,f,Kemuk,5/21/11,5/22/11,12/21/11,1,214,1,,,1,59.17517,-157.99617,,,,,,,,,,,,,,,,,,,
55,2011,2011075,0.9,f,Kemuk,5/21/11,5/22/11,5/28/11,1,7,1,,,1,59.48367,-157.85033,,,,,,,,,,,,,,,,,,,
56,2011,2011076,1.25,m,Kemuk,5/21/11,5/22/11,10/18/11,1,150,1,,,1,59.492,-157.8315,,,,,,,,,,,,,,,,,,,
57,2011,2011077,0.92,m,Kemuk,5/21/11,5/22/11,5/26/11,1,5,1,,,1,59.599,-157.49417,1,,,1,,,1,,,1,,,,,,,,,
58,2011,2011078,1.919,m,Kemuk,5/21/11,5/22/11,6/16/11,1,26,1,,,1,59.572,-157.76317,,,,,,,,,,,,,,,,,,,
59,2011,2011079,0.96,f,Kemuk,5/21/11,5/22/11,12/13/11,1,206,1,,,1,59.559,-157.76133,,,,,,,,,,,,,,,,,,,
60,2011,2011080,1.589,f,Kemuk,5/21/11,5/22/11,10/18/11,1,150,1,,,1,59.8785,-157.80067,,,,,,,,,,,,,,,,,,,
61,2011,2011081,0.98,f,Kemuk,5/21/11,5/22/11,5/26/11,1,5,1,,,1,59.52367,-157.81717,1,,,1,,,1,,,1,,,,,,,,,
62,2011,2011082,1.06,f,Kemuk,5/21/11,5/22/11,8/7/11,1,78,1,,,1,59.40083,-157.96617,,,,,,,,,,,,,,,,,,,
63,2011,2011083,0.68,m,Kemuk,5/21/11,5/22/11,8/7/11,1,78,1,,,1,59.40467,-157.92433,,,,,,,,,,,,,,,,,,,
65,2011,2011085,1.969,f,Kemuk,5/22/11,5/23/11,12/13/11,1,205,1,,,1,59.5095,-157.702,,,,,,,,,,,,,,,,,,,
67,2011,2011087,0.729,m,Kemuk,5/22/11,5/23/11,1/18/12,1,241,1,,,1,59.2415,-158.04283,,,,,,,,,,,,,,,,,,,
68,2011,2011088,1.78,m,Kemuk,5/22/11,5/23/11,7/12/11,1,51,1,,,1,59.214,-157.95633,,,,,,,,,,,,,,,,,,,
69,2011,2011089,0.459,f,Kemuk,5/22/11,5/23/11,5/25/11,1,3,1,,,1,59.2042,-157.9347,1,59.21533,-157.5445,0,59.21533,-157.93233,,,,,,,,,,,,,STARVED; CAPTURE RELATED?
70,2011,2011090,1.57,m,Kemuk,5/22/11,5/24/11,5/24/11,1,1,1,,,1,59.22233,-157.94367,0,59.51383,-157.837,,,,,,,,,,,,,,,,PREDATOR; CAPTURE RELATED?
71,2011,2011091,1.9,f,Kemuk,5/22/11,5/23/11,7/1/11,1,40,1,,,1,59.20417,-157.93467,,,,,,,,,,,,,,,,,,,
72,2011,2011092,1.56,m,Kemuk,5/23/11,5/24/11,10/18/11,1,148,1,,,1,59.58967,-157.75033,,,,,,,,,,,,,,,,,,,
73,2011,2011093,1.94,m,Kemuk,5/23/11,5/24/11,5/25/11,1,2,1,,,1,59.6145,-157.7227,1,,,0,59.6265,-157.674,,,,,,,,,,,,,ABANDONED; CAPTURE  RELATED?
74,2011,2011094,1.91,m,Kemuk,5/23/11,5/24/11,5/25/11,1,2,1,,,1,59.67283,-157.6365,1,,,0,59.47066,-157.74783,,,,,,,,,,,,,WOLF
76,2011,2011096,3.61,f,Kemuk,5/23/11,5/24/11,7/12/11,1,50,1,,,1,59.6145,-157.72267,,,,,,,,,,,,,,,,,,,
77,2011,2011097,3.57,m,Kemuk,5/23/11,5/24/11,6/9/11,1,17,1,,,1,59.497,-157.77917,,,,,,,,,,,,,,,,,,,
79,2011,2011099,3.541,f,Kemuk,5/24/11,5/25/11,5/30/11,1,6,1,,,1,59.477,-157.89967,,,,,,,,,,,,,,,,,,,
80,2011,2011100,3.97,unk,Kemuk,5/24/11,5/25/11,7/12/11,1,49,1,,,1,59.20983,-158.12967,,,,,,,,,,,,,,,,,,,
81,2011,2011101,3.64,m,Kemuk,5/24/11,5/25/11,6/12/11,1,19,1,,,1,59.14233,-158.23683,,,,,,,,,,,,,,,,,,,
82,2011,2011102,3.62,f,Kemuk,5/25/11,5/26/11,7/12/11,1,48,1,,,1,59.1185,-158.25967,,,,,,,,,,,,,,,,,,,
83,2011,2011103,0.52,f,Kemuk,5/25/11,5/26/11,8/7/11,1,74,1,,,1,59.646,-157.62067,,,,,,,,,,,,,,,,,,,
84,2011,2011104,3.81,f,Kemuk,5/25/11,5/26/11,9/28/11,1,126,1,,,1,59.57417,-157.69467,,,,,,,,,,,,,,,,,,,
85,2011,2011105,1.94,f,Kemuk,5/27/11,5/28/11,6/5/11,1,9,1,,,1,59.643,-157.86633,,,,,,,,,,,,,,,,,,,
86,2011,2011106,1.57,f,Kemuk,5/27/11,5/28/11,8/7/11,1,72,1,,,1,59.4405,-157.875,,,,,,,,,,,,,,,,,,,
87,2011,2011107,1.91,m,Kemuk,5/28/11,5/29/11,8/7/11,1,71,1,,,1,59.099,-158.37917,,,,,,,,,,,,,,,,,,,
88,2011,2011108,3.5,m,Kemuk,5/28/11,5/29/11,4/2/12,1,310,1,,,1,59.09567,-158.37267,,,,,,,,,,,,,,,,,,,
89,2012,2012100,2.87,f,Kemuk,5/18/12,5/19/12,7/7/12,1,50,1,,,1,59.35339,-157.80232,1,59.31808,-157.75594,,,,1,59.36037,-157.88577,1,59.353,-157.92479,,,,,,,
91,2012,2012102,2.86,m,Kemuk,5/18/12,5/19/12,7/7/12,1,50,1,,,1,59.53859,-157.70613,1,59.54037,-157.74124,1,59.52255,-157.76854,,,,,,,,,,,,,
93,2012,2012104,2.49,m,Kemuk,5/18/12,5/19/12,4/2/13,1,319,1,,,1,59.66052,-157.39734,1,59.65869,-157.38948,1,59.65797,-157.42835,,,,1,59.62513,-157.54929,,,,,,,
94,2012,2012105,2.62,m,Kemuk,5/18/12,5/19/12,7/7/12,1,50,1,,,1,59.64997,-157.4181,1,59.65083,-157.38133,,,,1,59.64926,-157.43498,1,59.6186,-157.53536,,,,,,,
96,2012,2012107,2.81,f,Kemuk,5/18/12,5/19/12,6/29/12,1,42,1,,,1,59.60241,-157.45167,1,59.60242,-157.45167,1,59.57369,-157.45866,,,,1,59.59254,-157.53571,,,,,,,
98,2012,2012109,0.98,f,Kemuk,5/18/12,5/19/12,10/6/12,1,141,1,,,1,59.60224,-157.51201,1,59.57571,-157.51345,,,,1,59.58503,-157.52875,,,,,,,,,,
99,2012,2012110,2.14,m,Kemuk,5/18/12,5/19/12,7/7/12,1,50,1,,,1,59.60981,-157.51984,1,59.59242,-157.39429,1,59.59582,-157.37781,,,,1,59.60796,-157.48847,,,,,,,
103,2012,2012114,0.459,f,Kemuk,5/18/12,5/19/12,5/21/12,1,3,1,,,1,59.95826,-157.51027,1,59.96249,-157.52721,1,59.98006,-157.51078,0,59.96913,-157.51562,,,,,,,,,,DROWNED
106,2012,2012117,2.67,f,Kemuk,5/19/12,5/20/12,7/19/12,1,61,1,,,1,59.37829,-157.90472,,,,,,,,,,,,,,,,,,,
107,2012,2012118,2.53,m,Kemuk,5/19/12,5/20/12,7/7/12,1,49,1,,,1,59.41939,-157.8985,1,59.42749,-157.93922,1,59.43663,-157.861,,,,,,,,,,,,,
108,2012,2012119,2.54,f,Kemuk,5/19/12,5/20/12,7/7/12,1,49,1,,,1,59.44814,-157.86426,1,59.43721,-157.86004,1,59.44092,-157.88711,1,59.44326,-157.92593,,,,,,,,,,
109,2012,2012120,0.92,f,Kemuk,5/19/12,5/20/12,7/7/12,1,49,1,,,1,59.44355,-157.87866,1,59.45925,-157.86261,,,,,,,,,,,,,,,,
110,2012,2012121,2.64,m,Kemuk,5/19/12,5/20/12,5/21/12,1,2,1,,,1,59.43688,-157.8513,1,,,0,59.43663,-157.861,,,,,,,,,,,,,ABANDONED; DEHYDRATED/SHOCK
111,2012,2012122,2.5,f,Kemuk,5/19/12,5/20/12,10/6/12,1,140,1,,,1,59.43585,-157.83736,,,,,,,,,,,,,,,,,,,
112,2012,2012123,2.93,f,Kemuk,5/19/12,5/20/12,7/7/12,1,49,1,,,1,59.4115,-157.84424,,,,1,59.41665,-157.87751,1,59.41737,-157.90114,,,,,,,,,,
114,2012,2012125,2.57,f,Kemuk,5/19/12,5/20/12,10/12/12,1,146,1,,,1,59.93709,-157.64024,,,,,,,,,,,,,,,,,,,
118,2012,2012129,2.76,f,Kemuk,5/19/12,5/20/12,7/7/12,1,49,1,,,1,60.00951,-157.63057,1,60.0272,-157.58255,,,,,,,1,60.07227,-157.6751,,,,,,,
120,2012,2012131,2.04,m,Kemuk,5/19/12,5/20/12,7/7/12,1,49,1,,,1,59.90256,-157.37746,,,,,,,1,59.92721,-157.25578,,,,,,,,,,
121,2012,2012132,2.3,m,Kemuk,5/20/12,5/21/12,6/8/12,1,19,1,,,1,59.45777,-157.73,,,,1,59.44639,-157.68963,,,,,,,,,,,,,
122,2012,2012133,2.26,m,Kemuk,5/20/12,5/21/12,6/8/12,1,19,1,,,1,59.4853,-157.59555,1,59.52449,-157.59079,,,,,,,,,,,,,,,,
123,2012,2012134,2.52,f,Kemuk,5/20/12,5/21/12,6/8/12,1,19,1,,,1,59.57763,-157.49666,,59.58996,-157.52868,,,,,,,,,,,,,,,,
126,2012,2012137,2.41,m,Kemuk,5/20/12,5/21/12,7/7/12,1,48,1,,,1,59.56786,-157.4756,,,,,,,1,59.58063,-157.50588,,,,,,,,,,
128,2012,2012139,2.44,f,Kemuk,5/20/12,5/21/12,7/1/12,1,42,1,,,1,59.58844,-157.48509,1,59.58626,-157.51361,1,59.59701,-157.54308,,,,,,,,,,,,,
129,2012,2012140,2.65,m,Kemuk,5/20/12,5/21/12,6/8/12,1,19,1,,,1,59.85559,-157.37767,1,59.87207,-157.38957,,,,1,59.8525,-157.37816,,,,,,,,,,
130,2012,2012141,2.95,unk,Kemuk,5/20/12,5/21/12,7/19/12,1,60,1,,,1,59.85185,-157.34602,,,,,,,1,59.82497,-157.37106,,,,,,,,,,
133,2012,2012144,2.17,m,Kemuk,5/20/12,5/21/12,6/8/12,1,19,1,,,1,59.89594,-157.12344,1,59.88883,-157.1141,1,59.88622,-157.13387,1,59.85889,-157.16626,,,,,,,,,,
141,2012,2012200,3.92,m,Tundra,5/16/12,5/17/12,10/11/12,1,148,1,,,1,61.18712,-155.72233,,,,,,,,,,,,,,,,,,,
142,2012,2012201,3.05,m,Tundra,5/16/12,5/17/12,7/6/12,1,51,1,,,1,61.20335,-155.7505,,,,,,,,,,,,,,,,,,,
143,2012,2012202,3.51,f,Tundra,5/16/12,5/17/12,5/17/12,1,1,1,,,1,61.21217,-155.753,,,,,,,,,,,,,,,,,,,UNKNOWN FATE; MAGNET LEFT ON
144,2012,2012203,3.69,f,Tundra,5/16/12,5/17/12,5/21/12,1,5,1,,,1,61.26192,-155.73513,1,,,1,,,1,,,1,,,,,,,,,
145,2012,2012204,3.01,f,Tundra,5/16/12,5/17/12,7/6/12,1,51,1,,,1,61.239,-155.86535,,,,,,,,,,,,,,,,,,,
146,2012,2012205,3.25,f,Tundra,5/16/12,5/17/12,5/17/12,1,1,1,,,1,61.2525,-155.90197,0,61.246,-155.9491,,,,,,,,,,,,,,,,DROWNED
157,2012,2012216,1.94,m,Tundra,5/16/12,5/17/12,10/11/12,1,148,1,,,1,61.12197,-155.75625,1,61.10788,-155.8084,,,,,,,,,,,,,,,,
158,2012,2012217,3.44,m,Tundra,5/16/12,5/17/12,10/11/12,1,148,1,,,1,61.1398,-155.74165,1,61.15316,-155.80859,,,,,,,,,,,,,,,,
161,2012,2012220,1.78,f,Tundra,5/17/12,5/18/12,5/19/12,1,2,1,,,1,61.21632,-155.80857,0,61.21632,-155.80857,,,,,,,,,,,,,,,,BEAR
162,2012,2012221,3.11,f,Tundra,5/17/12,5/18/12,5/26/12,1,9,1,,,1,61.1524,-155.71603,,,,,,,,,,,,,,,,,,,
165,2012,2012224,1.95,m,Tundra,5/17/12,5/18/12,5/23/12,1,6,1,,,1,61.32797,-155.92043,,,,1,61.30575,-155.81714,,,,,,,,,,,,,
167,2012,2012226,3.7,f,Tundra,5/17/12,5/18/12,6/14/12,1,28,1,,,1,61.2669,-155.78658,,,,,,,,,,,,,,,,,,,
168,2012,2012227,1.8,m,Tundra,5/17/12,5/18/12,9/30/12,1,136,1,,,1,61.19815,-155.75375,,,,,,,,,,,,,,,,,,,
170,2012,2012229,3.57,m,Tundra,5/17/12,5/18/12,10/11/12,1,147,1,,,1,61.142,-156.01997,,,,,,,,,,,,,,,,,,,
171,2012,2012230,3.85,m,Tundra,5/17/12,5/18/12,5/22/12,1,5,1,,,1,61.21,-155.9871,,61.17831,-155.96779,,,,,,,,,,,,,,,,
172,2012,2012231,1.04,m,Tundra,5/17/12,5/18/12,10/11/12,1,147,1,,,1,61.21165,-155.76398,1,61.21448,-155.75452,,,,,,,,,,,,,,,,
174,2012,2012233,3.9,f,Tundra,5/17/12,5/18/12,5/18/12,1,1,1,,,1,61.3103,-155.77807,0,61.3103,-155.77807,,,,,,,,,,,,,,,,BEAR
175,2012,2012234,3.64,unk,Tundra,5/17/12,5/18/12,10/11/12,1,147,1,,,1,61.21222,-156.00762,1,61.21222,-156.00762,,,,,,,,,,,,,,,,
177,2012,2012236,3.03,m,Tundra,5/17/12,5/18/12,6/14/12,1,28,1,,,1,61.16357,-155.9317,1,61.17738,-155.9832,,,,,,,,,,,,,,,,
179,2012,2012238,3.25,m,Tundra,5/18/12,5/19/12,5/19/12,1,1,1,,,1,,,0,,,,,,,,,,,,,,,,,,BEAR
180,2012,2012239,3.37,f,Tundra,5/18/12,5/19/12,10/11/12,1,146,1,,,1,61.39873,-155.94003,1,61.42026,-155.9468,1,61.3887,-155.99633,,,,,,,,,,,,,
181,2012,2012240,3.41,m,Tundra,5/18/12,5/19/12,5/27/12,1,9,1,,,1,61.35317,-156.17175,,,,1,61.37538,-156.21073,,,,,,,,,,,,,
182,2012,2012241,1.9,m,Tundra,5/18/12,5/19/12,5/20/12,1,2,1,,,1,61.35262,-156.19203,1,,,0,61.33728,-156.2042,,,,,,,,,,,,,BEAR
184,2012,2012243,3.23,m,Tundra,5/18/12,5/19/12,5/21/12,1,3,1,,,1,61.2521,-156.34752,1,,,1,61.24018,-156.31733,0,61.2521,-156.34751,,,,,,,,,,BEAR
185,2012,2012244,3.39,f,Tundra,5/18/12,5/19/12,5/22/12,1,4,1,,,1,61.15663,-156.22308,1,,,1,61.15697,-156.27629,1,,,0,61.16733,-156.31583,,,,,,,BEAR
186,2012,2012245,3.19,f,Tundra,5/18/12,5/19/12,5/20/12,1,2,1,,,1,60.95797,-155.73697,0,61.95883,-155.77016,,,,,,,,,,,,,,,,PREDATOR
187,2012,2012246,3.52,m,Tundra,5/18/12,5/19/12,5/22/12,1,4,1,,,1,60.84305,-155.77785,1,60.84679,-155.76639,1,,,1,,,0,60.84516,-155.7925,,,,,,,BEAR
188,2012,2012247,3.27,f,Tundra,5/18/12,5/19/12,5/27/12,1,9,1,,,1,61.05118,-155.78515,1,61.08964,-155.76553,,,,,,,,,,,,,,,,
189,2012,2012248,3,f,Tundra,5/18/12,5/19/12,5/25/12,1,7,1,,,1,61.14102,-155.86145,1,61.14102,-155.86145,,,,,,,,,,,,,,,,
191,2012,2012250,1.88,m,Tundra,5/19/12,5/20/12,5/21/12,1,2,1,,,1,61.327,-156.11233,0,61.33206,-156.1022,,,,,,,,,,,,,,,,TRAUMA/STOMPED?
193,2012,2012252,3.29,f,Tundra,5/19/12,5/20/12,7/6/12,1,48,1,,,1,61.19283,-155.897,,,,,,,,,,,,,,,,,,,
194,2012,2012253,3.25,f,Tundra,5/20/12,5/21/12,5/21/12,1,0,1,,,1,61.19658,-155.77592,M (5/21),61.18656,-155.79832,,,,,,,,,,,,,,,,BEAR
196,2012,2012255,3.19,f,Tundra,5/20/12,5/21/12,5/23/12,1,3,1,,,1,61.34,-156.14423,1,61.32108,-156.12909,1,,,0,61.3065,-156.13967,,,,,,,,,,WOLF
197,2012,2012256,3.33,f,Tundra,5/21/12,5/22/12,7/6/12,1,46,1,,,1,61.14983,-155.70017,,,,,,,,,,,,,,,,,,,
198,2012,2012257,1.9,unk,Tundra,5/21/12,5/22/12,5/24/12,1,3,1,,,1,61.08,-155.74483,1,61.08346,-155.76374,1,,,0,61.056,-155.72033,,,,,,,,,,BEAR
201,2012,2012260,3.9,m,Tundra,5/22/12,5/23/12,5/23/12,1,1,1,,,1,61.249,-155.792,0,61.19483,-155.82567,,,,,,,,,,,,,,,,PREDATOR
202,2012,2012261,3.07,m,Tundra,5/22/12,5/23/12,5/24/12,1,2,1,,,1,61.06617,-155.68233,1,61.06461,-155.71395,0,61.058,-155.75466,,,,,,,,,,,,,BEAR
205,2012,2012264,3.69,m,Tundra,5/23/12,5/24/12,10/11/12,1,141,1,,,1,61.25267,-155.76217,1,61.2484,-155.77989,,,,1,61.1808,-155.83956,,,,,,,,,,
206,2012,2012265,3.85,f,Tundra,5/23/12,5/24/12,5/27/12,1,4,1,,,1,61.2915,-155.91162,1,61.28466,-155.91376,1,,,1,61.28364,-155.89208,0,61.2481,-155.89533,,,,,,,WOLF
208,2013,2013101,3.003,f,Kemuk,5/17/13,5/18/13,7/12/13,1,56,1,,,1,59.42633,-157.82018,1,59.4412,-157.89409,,,,,,,,,,,,,,,,
209,2013,2013102,0.262,m,Kemuk,5/17/13,5/18/13,5/23/13,1,6,1,,,1,59.44547,-157.84865,1,59.44902,-157.87921,,,,,,,,,,,,,,,,
210,2013,2013103,0.143,f,Kemuk,5/17/13,5/18/13,7/12/13,1,56,1,,,1,59.48323,-157.8495,1,59.48609,-157.85881,,,,,,,,,,,,,,,,
211,2013,2013104,2.862,m,Kemuk,5/17/13,5/18/13,5/18/13,1,1,1,,,1,59.8494,-156.88394,0,59.87502,-156.87527,,,,,,,,,,,,,,,,DROWNED
213,2013,2013106,2.662,f,Kemuk,5/17/13,5/18/13,5/19/13,1,2,1,,,1,59.87617,-156.92383,,,,0,59.89328,-156.91672,,,,,,,,,,,,,WOLF
216,2013,2013109,0.792,m,Kemuk,5/18/13,5/19/13,10/22/13,1,157,1,,,1,59.89797,-157.52913,,,,1,59.90021,-157.58004,,,,,,,,,,,,,
218,2013,2013111,3.27,m,Kemuk,5/18/13,5/19/13,7/12/13,1,55,1,,,1,59.9708,-157.50604,,,,1,59.9708,-157.506,,,,,,,,,,,,,
219,2013,2013112,2.622,m,Kemuk,5/18/13,5/19/13,4/3/14,1,320,1,,,1,59.97842,-157.55695,,,,1,59.99437,-157.55693,,,,,,,,,,,,,
223,2013,2013116,0.461,unk,Kemuk,5/18/13,5/19/13,5/15/14,1,362,1,,,1,59.78717,-157.4555,,,,,,,,,,1,59.78751,-157.48793,,,,,,,
224,2013,2013117,2.762,m,Kemuk,5/18/13,5/19/13,5/15/14,1,362,1,,,1,59.76169,-157.45625,,,,,,,,,,1,59.76329,-157.47841,,,,,,,
226,2013,2013119,0.572,f,Kemuk,5/18/13,5/19/13,5/15/14,1,362,1,,,1,59.60067,-157.34018,,,,,,,,,,1,59.61505,-157.55861,,,,,,,
228,2013,2013121,0.153,m,Kemuk,5/19/13,5/20/13,5/15/14,1,361,1,,,1,59.3902,-157.56242,1,59.39764,-157.56188,,,,,,,,,,,,,,,,
229,2013,2013122,3.05,f,Kemuk,5/19/13,5/20/13,7/12/13,1,54,1,,,1,59.8863,-157.50377,1,59.88205,-157.49543,,,,,,,,,,,,,,,,
241,2013,2013134,3.42,m,Kemuk,5/20/13,5/21/13,7/12/13,1,53,1,,,1,59.60926,-157.46779,1,59.60927,-157.53102,,,,,,,,,,,,,,,,
242,2013,2013135,3.41,f,Kemuk,5/20/13,5/21/13,5/15/14,1,360,1,,,1,59.64121,-157.4034,,,,1,59.63211,-157.60279,,,,,,,,,,,,,
243,2013,2013136,3.29,m,Kemuk,5/20/13,5/21/13,10/22/13,1,155,1,,,1,59.71998,-157.50226,,,,1,59.6202,-157.54307,,,,,,,,,,,,,
244,2013,2013137,3.47,f,Kemuk,5/20/13,5/21/13,7/12/13,1,53,1,,,1,59.7965,-157.47211,,,,1,59.69324,-157.43833,,,,,,,,,,,,,
245,2013,2013138,3.07,m,Kemuk,5/21/13,5/22/13,4/3/14,1,317,1,,,1,59.7965,-157.54651,1,59.80118,-157.53433,,,,,,,,,,,,,,,,
247,2013,2013140,2.862,f,Kemuk,5/21/13,5/22/13,7/12/13,1,52,1,,,1,59.89145,-157.66727,1,59.88716,-157.6731,,,,,,,,,,,,,,,,
249,2013,2013142,3.46,f,Kemuk,5/22/13,5/23/13,5/23/13,1,1,1,,,1,59.55788,-157.82663,0,59.55851,-157.82509,,,,,,,,,,,,,,,,STARVED
250,2013,2013143,2.982,f,Kemuk,5/22/13,5/23/13,5/15/14,1,358,1,,,1,59.61502,-157.67792,,,,,,,,,,,,,,,,,,,
252,2013,2013145,3.21,m,Kemuk,5/22/13,5/23/13,10/23/13,1,154,1,,,1,59.61386,-157.6236,,,,,,,,,,,,,,,,,,,
256,2013,2013149,3.19,f,Kemuk,5/26/13,5/27/13,11/22/13,1,180,1,,,1,59.84078,-157.81227,,,,,,,,,,,,,,,,,,,
258,2013,2013201,3.76,f,Tundra,5/15/13,5/16/13,5/23/13,1,8,1,,,1,61.22164,-155.80792,1,61.21433,-155.79068,,,,,,,,,,,,,,,,
259,2013,2013202,3.58,unk,Tundra,5/15/13,5/16/13,7/12/13,1,58,1,,,1,61.24236,-155.73938,1,61.24271,-155.73852,,,,,,,,,,,,,,,,
260,2013,2013203,3.521,f,Tundra,5/15/13,5/16/13,10/22/13,1,160,1,,,1,61.26564,-155.78233,1,61.26268,-155.78538,,,,,,,,,,,,,,,,
261,2013,2013204,3.48,m,Tundra,5/15/13,5/16/13,5/16/13,1,1,1,,,1,61.27107,-155.79539,M (5/16),61.2901,-155.7992,,,,,,,,,,,,,,,,DROWNED
262,2013,2013205,1.064,f,Tundra,5/15/13,5/16/13,5/20/13,1,5,1,,,1,61.27775,-155.79099,1,61.26441,-155.80002,,,,,,,,,,,,,,,,
263,2013,2013206,1.173,m,Tundra,5/15/13,5/16/13,5/15/14,1,365,1,,,1,61.27775,-155.79102,1,61.25282,-155.72643,,,,,,,,,,,,,,,,
264,2013,2013207,1.902,f,Tundra,5/15/13,5/16/13,5/18/13,1,3,1,,,1,61.27778,-155.81191,,,,0,61.27536,-155.80184,,,,,,,,,,,,,PREDATOR
265,2013,2013208,1.561,f,Tundra,5/15/13,5/16/13,5/16/13,1,1,1,,,1,61.25875,-155.72023,0,61.2856,-155.7491,,,,,,,,,,,,,,,,BEAR
266,2013,2013209,3.97,f,Tundra,5/15/13,5/16/13,5/20/13,1,5,1,,,1,61.26782,-155.71447,1,61.27486,-155.71006,,,,,,,,,,,,,,,,
267,2013,2013210,1.204,m,Tundra,5/15/13,5/16/13,5/20/13,1,5,1,,,1,61.18275,-155.82885,1,61.18138,-155.83915,,,,,,,,,,,,,,,,
270,2013,2013213,3.93,f,Tundra,5/16/13,5/17/13,5/17/13,1,1,1,,,1,61.1764,-155.77735,M (5/17),61.1661,-155.812,,,,,,,,,,,,,,,,DROWNED
272,2013,2013215,3.51,f,Tundra,5/16/13,5/17/13,5/17/13,1,1,1,,,1,61.17167,-155.74672,0,61.16833,-155.73956,,,,,,,,,,,,,,,,WOLF
273,2013,2013216,2.382,m,Tundra,5/16/13,5/17/13,5/15/14,1,364,1,,,1,61.1817,-155.74155,1,61.18518,-155.75703,,,,,,,,,,,,,,,,
274,2013,2013217,1.253,f,Tundra,5/16/13,5/17/13,5/25/13,1,9,1,,,1,61.17359,-155.74644,1,61.16718,-155.71178,,,,,,,,,,,,,,,,
275,2013,2013218,3.452,m,Tundra,5/16/13,5/17/13,5/22/13,1,6,1,,,1,61.28238,-155.7501,1,61.28247,-155.75016,,,,,,,,,,,,,,,,
276,2013,2013219,3.81,m,Tundra,5/16/13,5/17/13,7/12/13,1,57,1,,,1,61.28127,-155.75803,1,61.27629,-155.74228,,,,,,,,,,,,,,,,
278,2013,2013221,3.84,m,Tundra,5/16/13,5/17/13,7/12/13,1,57,1,,,1,61.30293,-155.79515,1,61.30402,-155.7888,,,,,,,,,,,,,,,,
279,2013,2013222,1.573,f,Tundra,5/16/13,5/17/13,5/18/13,1,2,1,,,1,61.30751,-155.86141,0,61.30439,-155.86209,,,,,,,,,,,,,,,,BEAR
281,2013,2013224,3.55,f,Tundra,5/17/13,5/18/13,6/26/13,1,40,1,,,1,61.30562,-155.94293,1,61.30558,-155.94291,,,,,,,,,,,,,,,,
282,2013,2013225,3.85,f,Tundra,5/17/13,5/18/13,10/22/13,1,158,1,,,1,61.29663,-155.97092,1,61.28536,-155.90223,,,,,,,1,61.25728,-155.84503,,,,,,,
283,2013,2013226,2.193,f,Tundra,5/17/13,5/18/13,5/29/13,1,12,1,,,1,61.27811,-155.9658,1,61.27464,-155.91525,,,,1,61.27683,-155.88566,,,,,,,,,,
287,2013,2013230,3.68,m,Tundra,5/17/13,5/18/13,5/23/13,1,6,1,,,1,61.13861,-155.80179,1,61.15534,-155.80881,,,,,,,,,,,,,,,,
289,2013,2013232,1.874,f,Tundra,5/18/13,5/19/13,5/15/14,1,362,1,,,1,61.13413,-155.92836,1,61.12835,-155.92985,,,,1,61.12557,-155.94432,,,,,,,,,,
290,2013,2013233,1.864,m,Tundra,5/18/13,5/19/13,4/3/14,1,320,1,,,1,61.10602,-155.97503,1,61.10978,-155.97828,,,,,,,1,61.1262,-155.94456,,,,,,,
291,2013,2013234,3.9,m,Tundra,5/18/13,5/19/13,4/3/14,1,320,1,,,1,61.10261,-155.98282,1,61.08948,-155.99907,,,,,,,1,61.13423,-155.92967,,,,,,,
292,2013,2013235,3.6,f,Tundra,5/18/13,5/19/13,7/12/13,1,55,1,,,1,61.13889,-155.9845,1,61.12599,-155.97207,,,,,,,,,,,,,,,,
293,2013,2013236,3.95,m,Tundra,5/18/13,5/19/13,5/25/13,1,7,1,,,1,61.1677,-155.87639,1,61.17825,-155.87999,,,,,,,,,,,,,,,,
294,2013,2013237,3.98,f,Tundra,5/18/13,5/19/13,7/12/13,1,55,1,,,1,61.17897,-155.83175,1,61.1701,-155.83079,,,,,,,,,,,,,,,,
295,2013,2013238,3.87,f,Tundra,5/18/13,5/19/13,5/26/13,1,8,1,,,1,61.24556,-155.85886,1,61.27754,-155.8328,,,,1,61.25931,-155.84292,,,,,,,,,,
296,2013,2013239,1.002,f,Tundra,5/18/13,5/19/13,5/21/13,1,3,1,,,1,61.24958,-155.86803,1,61.27551,-155.83147,0,61.2624,-155.8115,,,,,,,,,,,,,WOLF
297,2013,2013240,1.492,m,Tundra,5/18/13,5/19/13,5/24/13,1,6,1,,,1,61.26036,-155.85141,1,61.26305,-155.85746,,,,1,61.27114,-155.8971,,,,,,,,,,
298,2013,2013241,1.596,f,Tundra,5/18/13,5/19/13,5/15/14,1,362,1,,,1,61.28544,-155.88368,1,61.27748,-155.87828,,,,1,61.27452,-155.88422,,,,,,,,,,
299,2013,2013242,1.963,f,Tundra,5/18/13,5/19/13,5/22/13,1,4,1,,,1,61.28683,-155.88783,1,61.28275,-155.87332,,,,,,,0,61.2994,-155.9072,,,,,,,EAGLE
301,2013,2013244,1.973,f,Tundra,5/18/13,5/19/13,7/12/13,1,55,1,,,1,61.35975,-155.9778,1,61.3703,-155.99188,,,,,,,,,,,,,,,,
302,2013,2013245,3.51,m,Tundra,5/19/13,5/20/13,5/20/13,1,1,1,,,1,61.12686,-155.84011,0,61.1398,-155.7355,,,,,,,,,,,,,,,,BEAR
306,2013,2013249,3.93,f,Tundra,5/19/13,5/20/13,5/23/13,1,4,1,,,1,61.35584,-156.19649,1,61.35799,-156.2044,,,,,,,,,,,,,,,,BEAR 5/24
307,2013,2013250,3.48,f,Tundra,5/19/13,5/20/13,10/22/13,1,156,1,,,1,61.36463,-156.10128,1,61.36462,-156.10131,,,,,,,,,,,,,,,,
309,2013,2013252,3.501,m,Tundra,5/20/13,5/21/13,5/22/13,1,2,1,,,1,61.26777,-155.88328,0,61.2678,-155.88338,,,,,,,,,,,,,,,,BEAR
310,2013,2013253,1.902,f,Tundra,5/20/13,5/21/13,5/24/13,1,4,1,,,1,61.35702,-155.96059,1,61.38247,-155.94269,,,,0,61.39756,-155.95053,,,,,,,,,,BEAR
312,2013,2013255,3.97,f,Tundra,5/21/13,5/22/13,5/23/13,1,2,1,,,1,61.02706,-155.95332,0,61.02442,-155.93299,,,,,,,,,,,,,,,,BEAR
314,2013,2013257,1.204,f,Tundra,5/21/13,5/22/13,5/25/13,1,4,1,,,1,61.20529,-155.98591,1,61.17775,-156.0711,,,,0,61.1501,-156.045,,,,,,,,,,BEAR
316,2013,2013259,3.79,f,Tundra,5/22/13,5/23/13,5/31/13,1,9,1,,,1,61.1489,-156.0742,1,61.12626,-156.03583,,,,,,,,,,,,,,,,
317,2013,2013260,3.501,f,Tundra,5/23/13,5/24/13,5/30/13,1,7,1,,,1,61.3464,-156.03896,1,61.316,-155.97327,,,,,,,,,,,,,,,,
319,2013,2013262,3.76,f,Tundra,5/24/13,5/25/13,5/31/13,1,7,1,,,1,61.14841,-155.76899,1,61.12239,-155.89521,,,,,,,,,,,,,,,,
324,2013,2013267,3.56,f,Tundra,5/25/13,5/26/13,5/15/14,1,355,1,,,1,61.21575,-155.79437,1,61.21078,-155.74011,,,,1,61.20934,-155.74846,,,,,,,,,,
327,2014,2014101,0.259,f,Kemuk,5/17/14,5/18/14,5/25/14,1,8,1,,,1,59.49873,-157.79596,1,59.49492,-157.76715,,,,,,,,,,,,,,,,
332,2014,2014106,1.84,f,Kemuk,5/17/14,5/18/14,5/18/14,1,1,1,,,1,59.45297,-157.88887,0,59.441,-157.89167,,,,,,,,,,,,,,,,EAGLE
334,2014,2014108,1.2,m,Kemuk,5/17/14,5/18/14,5/26/14,1,9,1,,,1,59.45928,-157.89794,1,59.45513,-157.92213,,,,,,,,,,,,,,,,
335,2014,2014109,1.58,m,Kemuk,5/17/14,5/18/14,5/27/14,1,10,1,,,1,59.54779,-157.63933,1,59.55456,-157.71305,,,,,,,,,,,,,,,,
336,2014,2014110,1.001,m,Kemuk,5/17/14,5/18/14,4/1/15,1,319,1,,,1,59.51789,-157.66737,1,59.51882,-157.66638,,,,,,,,,,,,,,,,
341,2014,2014115,1.42,f,Kemuk,5/17/14,5/18/14,5/29/15,1,377,1,,,1,60.19387,-158.42982,1,60.17054,-158.42188,,,,,,,,,,,,,,,,
343,2014,2014117,2.19,f,Kemuk,5/17/14,5/18/14,5/29/15,1,377,1,,,1,60.24555,-158.5766,1,60.24817,-158.5843,1,60.16308,-158.30793,,,,,,,,,,,,,
345,2014,2014200,0.73,f,Mulchatna,5/15/14,5/16/14,10/14/14,1,152,1,,,1,60.64684,-154.29611,1,60.65885,-154.31382,,,,,,,1,60.66053,-154.32542,,,,,,,
346,2014,2014201,3.51,f,Mulchatna,5/15/14,5/16/14,5/19/15,1,369,1,,,1,60.68259,-154.16017,1,60.66588,-154.09847,,,,,,,1,60.67542,-154.14256,,,,,,,
347,2014,2014202,3.92,f,Mulchatna,5/15/14,5/16/14,10/14/14,1,152,1,,,1,60.68165,-154.17064,1,60.68157,-154.20784,,,,,,,,,,,,,,,,
348,2014,2014203,3.881,m,Mulchatna,5/15/14,5/16/14,6/26/14,1,42,1,,,1,60.70031,-154.19265,1,60.70504,-154.22309,,,,,,,,,,,,,,,,
354,2014,2014209,3.62,m,Mulchatna,5/15/14,5/16/14,6/26/14,1,42,1,,,1,60.81607,-154.06219,1,60.83327,-154.02208,,,,,,,,,,,,,,,,
355,2014,2014210,3.87,f,Mulchatna,5/15/14,5/16/14,5/19/15,1,369,1,,,1,60.73952,-153.99421,1,60.73211,-153.96181,,,,,,,1,60.7539,-153.93499,,,,,,,
357,2014,2014212,3.5,f,Mulchatna,5/15/14,5/16/14,5/19/15,1,369,1,,,1,60.78156,-154.03029,1,60.74869,-153.98157,,,,,,,1,60.74287,-153.98385,,,,,,,
362,2014,2014217,3.34,m,Mulchatna,5/16/14,5/17/14,5/19/14,1,3,1,,,1,60.84615,-154.01977,,,,0,60.84813,-154.02991,,,,,,,,,,,,,EAGLE
363,2014,2014218,3.67,f,Mulchatna,5/16/14,5/17/14,5/18/14,1,2,1,,,1,60.86139,-154.00534,0,60.78232,-154.06535,,,,,,,,,,,,,,,,WOLF
364,2014,2014219,3.13,f,Mulchatna,5/16/14,5/17/14,10/29/14,1,166,1,,,1,60.78429,-154.04516,,,,,,,,,,1,60.84022,-154.15201,,,,,,,
365,2014,2014220,3.43,f,Mulchatna,5/16/14,5/17/14,5/19/15,1,368,1,,,1,60.79008,-154.06621,,,,,,,1,60.74218,-153.97659,,,,,,,,,,
366,2014,2014221,3.801,f,Mulchatna,5/16/14,5/17/14,5/18/14,1,2,1,,,1,60.79941,-154.06593,0,60.79917,-154.06603,,,,,,,,,,,,,,,,EAGLE
371,2014,2014226,3.44,f,Mulchatna,5/16/14,5/17/14,4/1/15,1,320,1,,,1,60.70979,-153.97267,,,,,,,1,60.73013,-153.99863,,,,,,,,,,
373,2014,2014228,3.15,f,Mulchatna,5/16/14,5/17/14,12/18/14,1,216,1,,,1,60.70219,-153.95128,,,,,,,1,60.79509,-154.02237,,,,,,,,,,
376,2014,2014231,3.49,f,Mulchatna,5/18/14,5/19/14,6/26/14,1,39,1,,,1,60.75963,-154.04624,1,60.73941,-153.9764,,,,,,,,,,,,,,,,
379,2014,2014234,3.801,m,Mulchatna,5/19/14,5/20/14,5/20/14,1,1,1,,,1,60.73487,-153.99227,0,60.7067,-153.9778,,,,,,,,,,,,,,,,EAGLE
384,2014,2014239,3.371,unk,Mulchatna,5/19/14,5/20/14,10/12/14,1,146,1,,,1,60.79738,-153.98718,1,60.75105,-154.00718,,,,,,,,,,,,,,,,
387,2014,2014242,1.84,unk,Mulchatna,5/21/14,5/22/14,5/26/14,1,5,1,,,1,60.73203,-154.11707,,60.72395,-154.12923,,,,,,,,,,,,,,,,
389,2017,2017100,0.99,f,Tikchik,5/14/17,5/15/17,5/18/17,1,4,1,,,1,60.30366,-158.72878,,,,,,,1,60.4257,-158.84451,0,60.41971,-158.87041,,,,,,,BEAR
390,2017,2017101,1.81,f,Tikchik,5/14/17,5/15/17,10/14/17,1,153,1,,,1,60.29854,-158.72624,,,,1,60.32239,-158.76147,,,,1,60.4088,-158.82215,,,,,,,
393,2017,2017104,0.72,m,Tikchik,5/14/17,5/15/17,5/25/17,1,11,1,,,1,60.32635,-158.73601,,,,1,60.32414,-158.73673,,,,,,,,,,,,,
394,2017,2017105,2.09,m,Tikchik,5/14/17,5/15/17,10/14/17,1,153,1,,,1,60.34252,-158.75216,,,,,,,1,60.41029,-158.7932,,,,,,,,,,
400,2017,2017111,3.02,unk,Tikchik,5/14/17,5/15/17,6/22/17,1,39,1,,,1,60.43073,-158.86299,,,,1,60.42678,-158.85388,,,,,,,,,,,,,
401,2017,2017112,2.08,f,Tikchik,5/14/17,5/15/17,10/14/17,1,153,1,,,1,60.42301,-158.82721,,,,1,60.40484,-158.90231,,,,,,,,,,,,,
405,2017,2017116,3.05,m,Tikchik,5/14/17,5/15/17,10/14/17,1,153,1,,,1,60.37757,-158.6036,,,,1,60.34435,-158.62286,,,,,,,,,,,,,
406,2017,2017117,1.95,m,Tikchik,5/14/17,5/15/17,5/15/17,1,1,1,,,1,60.3684,-158.58788,,,,0,60.32819,-158.53677,,,,,,,,,,,,,WOLF
407,2017,2017118,1.56,f,Tikchik,5/14/17,5/15/17,5/18/17,1,4,1,,,1,60.36769,-158.60311,,,,,,,0,60.41618,-158.60476,,,,,,,,,,EAGLE
408,2017,2017119,0.23,f,Tikchik,5/14/17,5/15/17,6/22/17,1,39,1,,,1,60.34995,-158.58548,,,,1,60.34122,-158.57003,,,,,,,,,,,,,
410,2017,2017121,0.98,unk,Tikchik,5/14/17,5/15/17,5/15/17,1,1,1,,,1,60.27718,-158.54135,,,,0,60.3473,-158.7269,,,,,,,,,,,,,WOLF
411,2017,2017122,0.79,m,Tikchik,5/14/17,5/15/17,10/14/17,1,153,1,,,1,60.27709,-158.60267,,,,1,60.35491,-158.63662,,,,,,,,,,,,,
412,2017,2017123,0.96,m,Tikchik,5/14/17,5/15/17,5/25/17,1,11,1,,,1,60.26958,-158.60553,,,,1,60.26476,-158.6096,,,,,,,,,,,,,
415,2017,2017126,0.57,f,Tikchik,5/14/17,5/15/17,5/25/17,1,11,1,,,1,60.29254,-158.63002,,,,1,60.37661,-158.76765,,,,,,,,,,,,,
419,2017,2017130,2.29,unk,Tikchik,5/17/17,5/18/17,5/20/17,1,3,1,,,1,60.40197,-158.22341,,,,1,60.39421,-158.15516,,,,0,60.39069,-158.20776,,,,,,,BEAR
421,2017,2017132,2.36,unk,Tikchik,5/17/17,5/18/17,5/25/17,1,8,1,,,1,60.41452,-158.76433,,,,1,60.40447,-158.76174,1,60.42054,-158.85107,,,,,,,,,,
427,2017,2017138,2.28,unk,Tikchik,5/21/17,5/22/17,5/22/17,1,1,1,,,1,60.33973,-158.72673,,,,,,,0,60.38922,-158.82143,,,,,,,,,,BEAR
429,2017,2017201,2.28,f,Mulchatna,5/12/17,5/13/17,5/19/17,1,7,1,,,1,60.56444,-155.37032,,,,,,,,,,,,,,,,,,,
431,2017,2017203,2.41,m,Mulchatna,5/12/17,5/13/17,5/26/17,1,14,1,,,1,60.50972,-155.35546,,,,,,,,,,,,,,,,,,,
432,2017,2017204,2.34,m,Mulchatna,5/12/17,5/13/17,6/1/17,1,20,1,,,1,60.51481,-155.3421,,,,,,,,,,,,,,,,,,,
434,2017,2017206,2.57,f,Mulchatna,5/12/17,5/13/17,5/20/17,1,8,1,,,1,60.51929,-155.41501,,,,,,,,,,,,,,,,,,,
436,2017,2017208,2.33,m,Mulchatna,5/12/17,5/13/17,6/1/17,1,20,1,,,1,60.64789,-155.02327,,,,,,,,,,,,,,,,,,,
437,2017,2017209,2.37,f,Mulchatna,5/12/17,5/13/17,5/16/17,1,4,1,,,1,60.62127,-154.92827,,,,,,,,,,0,60.5899,-155.00548,,,,,,,BEAR
439,2017,2017211,2.46,f,Mulchatna,5/12/17,5/13/17,5/14/17,1,2,1,,,1,60.71717,-154.63272,0,60.72033,-154.61391,,,,,,,,,,,,,,,,BEAR
440,2017,2017212,2.4,m,Mulchatna,5/12/17,5/13/17,6/25/17,1,44,1,,,1,60.72098,-155.08126,,,,,,,,,,,,,,,,,,,
441,2017,2017213,2.52,f,Mulchatna,5/12/17,5/13/17,5/13/17,1,1,1,,,1,60.66489,-155.10683,0,60.67399,-155.11117,,,,,,,,,,,,,,,,BEAR
442,2017,2017214,2.55,m,Mulchatna,5/12/17,5/13/17,6/1/17,1,20,1,,,1,60.64865,-155.07959,,,,,,,,,,,,,,,,,,,
444,2017,2017216,2.51,m,Mulchatna,5/13/17,5/14/17,5/16/17,1,3,1,,,1,60.70468,-154.27991,,,,,,,0,60.68612,-154.24383,,,,,,,,,,WOLF
445,2017,2017217,2.38,f,Mulchatna,5/13/17,5/14/17,11/1/17,1,172,1,,,1,60.7185,-154.27016,,,,,,,,,,,,,,,,,,,
447,2017,2017219,2.31,f,Mulchatna,5/13/17,5/14/17,5/20/17,1,7,1,,,1,60.79393,-154.26937,,,,,,,,,,,,,,,,,,,
448,2017,2017220,2.53,f,Mulchatna,5/13/17,5/14/17,11/1/17,1,172,1,,,1,60.75266,-154.24544,,,,,,,,,,,,,,,,,,,
449,2017,2017221,2.2,m,Mulchatna,5/13/17,5/14/17,5/14/17,1,1,1,,,1,60.72,-154.17,0,60.70667,-154.1544,,,,,,,,,,,,,,,,BEAR
450,2017,2017222,2.42,f,Mulchatna,5/13/17,5/14/17,6/25/17,1,43,1,,,1,60.72101,-154.17344,,,,,,,,,,1,60.71018,-154.27159,,,,,,,
451,2017,2017223,2.54,f,Mulchatna,5/13/17,5/14/17,11/1/17,1,172,1,,,1,60.69014,-154.24365,,,,,,,,,,,,,,,,,,,
452,2017,2017224,2.25,m,Mulchatna,5/13/17,5/14/17,5/14/17,1,1,1,,,1,60.7039,-154.27448,0,60.70271,-154.28369,,,,,,,,,,,,,,,,WOLF
453,2017,2017225,2.29,m,Mulchatna,5/13/17,5/14/17,5/14/17,1,1,1,,,1,60.68407,-154.38907,0,60.71431,-154.33452,,,,,,,,,,,,,,,,WOLF
454,2017,2017226,2.32,f,Mulchatna,5/13/17,5/14/17,4/6/18,1,328,1,,,1,60.72402,-155.06624,,,,,,,,,,,,,,,,,,,
455,2017,2017227,2.58,m,Mulchatna,5/13/17,5/14/17,5/26/17,1,13,1,,,1,60.72252,-155.0875,,,,,,,,,,,,,,,,,,,
456,2017,2017228,2.36,m,Mulchatna,5/13/17,5/14/17,5/16/17,1,3,1,,,1,60.7366,-155.02103,,,,0,60.74048,-155.04741,,,,,,,,,,,,,STARVED; CAPTURE RELATED?
458,2017,2017230,2.52,unk,Mulchatna,5/16/17,5/17/17,5/22/17,1,6,1,,,1,60.5419,-155.4225,,,,,,,1,60.52535,-155.42041,,,,,,,,,,
459,2017,2017231,2.45,f,Mulchatna,5/16/17,5/17/17,5/17/17,1,1,1,,,1,60.7242,-154.3569,0,60.72986,-154.35397,,,,,,,,,,,,,,,,BEAR
460,2017,2017232,2.2,unk,Mulchatna,5/17/17,5/18/17,5/20/17,1,3,1,,,1,60.74822,-154.38982,1,60.76601,-154.42786,1,60.77069,-154.43287,,,,0,60.77023,-154.4336,,,,,,,WOLF
461,2017,2017233,2.25,unk,Mulchatna,5/17/17,5/18/17,5/22/17,1,5,1,,,1,60.76052,-154.3574,,,,,60.75282,-154.31162,,,,,60.72107,-154.28641,,,,,,,
462,2017,2017234,2.27,unk,Mulchatna,5/17/17,5/18/17,5/19/17,1,2,1,,,1,60.75285,-154.41279,,,,0,60.74256,-154.43257,,,,,,,,,,,,,EAGLE
464,2017,2017236,2.45,unk,Mulchatna,5/18/17,5/19/17,5/20/17,1,2,1,,,1,60.75629,-154.38286,1,60.75807,-154.42246,,,,0,60.74958,-154.44422,,,,,,,,,,WOLF; CACHED
465,2017,2017237,2.07,f,Mulchatna,5/18/17,5/19/17,6/25/17,1,38,1,,,1,60.77755,-154.35416,1,60.7716,-154.35704,,,,1,60.72809,-154.35528,,,,,,,,,,
466,2018,2018100,2.11,f,UMulch,5/12/18,5/13/18,5/15/18,1,3,1,,,1,60.7381,-155.1064,,,,0,60.7436,-155.098,,,,,,,,,,,,,BEAR
467,2018,2018101,2.45,f,UMulch,5/12/18,5/13/18,6/22/18,1,41,1,,,1,60.733,-155.0555,,,,,,,,,,,,,,,,,,,
468,2018,2018102,0.92,m,UMulch,5/12/18,5/13/18,9/6/18,1,117,1,,,1,60.6909,-154.9652,,,,,,,,,,,,,,,,,,,
473,2018,2018107,2.47,m,UMulch,5/13/18,5/14/18,5/20/18,1,7,1,,,1,60.622,-155.0254,,,,,,,,,,,,,,,,,,,
476,2018,2018110,2.25,f,UMulch,5/13/18,5/14/18,5/15/18,1,2,1,,,1,60.6527,-154.9046,0,60.65204,-154.94984,,,,,,,,,,,,,,,,BEAR
477,2018,2018111,3.43,f,UMulch,5/13/18,5/14/18,5/27/18,1,14,1,,,1,60.682,-154.9367,,,,,,,,,,,,,,,,,,,
482,2018,2018116,1.85,m,UMulch,5/15/18,5/16/18,11/12/18,1,181,1,,,1,61.1155,-155.9938,,,,,,,,,,,,,,,,,,,
484,2018,2018118,1.56,f,UMulch,5/15/18,5/16/18,11/12/18,1,181,1,,,1,61.13,-155.9618,,,,,,,,,,,,,,,,,,,
486,2018,2018120,2.58,m,UMulch,5/15/18,5/16/18,6/24/18,1,40,1,,,1,61.1507,-155.7997,,,,,,,1,61.16631,-155.81586,,,,,,,,,,
488,2018,2018122,3.2,m,UMulch,5/15/18,5/16/18,5/22/18,1,7,1,,,1,61.0882,-155.8705,,,,,,,,,,1,61.13443,-155.85845,,,,,,,
489,2018,2018123,2.52,f,UMulch,5/15/18,5/16/18,11/12/18,1,181,1,,,1,61.0988,-155.8129,,,,,,,,,,,,,,,,,,,
491,2018,2018125,2.28,m,UMulch,5/17/18,5/18/18,11/12/18,1,179,1,,,1,60.6079,-154.9851,,,,,,,,,,,,,,,,,,,
492,2018,2018126,2.36,f,UMulch,5/17/18,5/18/18,5/19/18,1,2,1,,,1,60.6783,-155.1546,0,60.66721,-155.1228,,,,,,,,,,,,,,,,BEAR
498,2018,2018132,3.21,m,UMulch,5/19/18,5/20/18,5/22/18,1,3,1,,,1,60.8778,-155.8497,,,,0,60.87125,-155.85413,,,,,,,,,,,,,BEAR
500,2018,2018134,2.25,unk,UMulch,5/19/18,5/20/18,9/6/18,1,110,1,,,1,60.6898,-155.6797,,,,,,,,,,,,,,,,,,,
503,2018,2018137,3.61,f,UMulch,5/21/18,5/22/18,5/22/18,1,1,1,,,1,60.9005,-155.7805,1,60.88452,-155.76738,0,,,,,,,,,,,,,,,BEAR
504,2018,2018138,3.87,m,UMulch,5/21/18,5/22/18,5/23/18,1,2,1,,,1,60.8791,-155.8341,0,60.87717,-155.82128,,,,,,,,,,,,,,,,UNK
509,2018,2018203,3.48,f,Tikchik,5/12/18,5/13/18,10/13/18,1,154,1,,,1,60.1753,-158.366,,,,,,,,,,,,,,,,,,,
510,2018,2018204,3.78,m,Tikchik,5/12/18,5/13/18,5/14/18,1,2,1,,,1,60.1686,-158.3189,0,60.1756,-158.357,,,,,,,,,,,,,,,,BEAR
513,2018,2018207,3.92,m,Tikchik,5/13/18,5/14/18,5/18/18,1,5,1,,,1,60.211,-158.3198,,,,,,,,,,,,,,,,,,,
514,2018,2018208,3.93,m,Tikchik,5/13/18,5/14/18,5/15/18,1,2,1,,,1,60.1906,-158.3272,0,60.1906,-158.3272,,,,,,,,,,,,,,,,BEAR
515,2018,2018209,3.98,f,Tikchik,5/13/18,5/14/18,10/13/18,1,153,1,,,1,60.1854,-158.4309,,,,,,,,,,,,,,,,,,,
516,2018,2018210,3.72,f,Tikchik,5/13/18,5/14/18,5/18/18,1,5,1,,,1,60.1807,-158.4727,,,,,,,,,,,,,,,,,,,
518,2018,2018212,3.5,m,Tikchik,5/13/18,5/14/18,6/11/18,1,29,1,,,1,60.0835,-158.1258,,,,,,,,,,,,,,,,,,,
522,2018,2018216,3.51,f,Tikchik,5/16/18,5/17/18,10/13/18,1,150,1,,,1,60.391,-158.2924,,,,,,,,,,,,,,,,,,,
524,2018,2018218,3.49,m,Tikchik,5/16/18,5/17/18,10/13/18,1,150,1,,,1,60.4108,-158.2928,,,,,,,,,,,,,,,,,,,
525,2018,2018219,3.97,f,Tikchik,5/16/18,5/17/18,5/21/18,1,5,1,,,1,60.4115,-158.3459,,,,,,,,,,,,,,,,,,,
529,2018,2018223,3.8,f,Tikchik,5/16/18,5/17/18,9/5/18,1,112,1,,,1,60.4329,-158.352,,,,,,,,,,,,,,,,,,,
530,2018,2018224,3.53,m,Tikchik,5/16/18,5/17/18,6/11/18,1,26,1,,,1,60.4231,-158.3612,,,,,,,,,,,,,,,,,,,
533,2018,2018227,3.99,m,Tikchik,5/18/18,5/19/18,9/5/18,1,110,1,,,1,60.4667,-158.2067,,,,,,,,,,,,,,,,,,,
534,2018,2018228,3.63,f,Tikchik,5/18/18,5/19/18,5/24/18,1,6,1,,,1,60.4473,-158.2148,,,,,,,,,,,,,,,,,,,
535,2018,2018229,3.6,m,Tikchik,5/18/18,5/19/18,10/13/18,1,148,1,,,1,60.4494,-158.2818,,,,,,,,,,,,,,,,,,,
536,2018,2018230,3.95,m,Tikchik,5/18/18,5/19/18,6/11/18,1,24,1,,,1,60.4261,-158.4612,,,,,,,,,,,,,,,,,,,
540,2018,2018234,3.78,f,Tikchik,5/20/18,5/21/18,5/22/18,1,2,1,,,1,60.4078,-158.5175,0,60.41,-158.507,,,,,,,,,,,,,,,,WOLF
541,2018,2018235,3.22,m,Tikchik,5/20/18,5/21/18,10/13/18,1,146,1,,,1,60.3676,-158.5723,,,,,,,,,,,,,,,,,,,
542,2018,2018236,3.72,unk,Tikchik,5/20/18,5/21/18,5/24/18,1,4,1,,,1,60.3643,-158.5928,,,,,,,0,60.372,-158.578,,,,,,,,,,BEAR
543,2018,2018237,3.7,f,Tikchik,5/20/18,5/21/18,10/13/18,1,146,1,,,1,60.3178,-158.6496,,,,,,,,,,,,,,,,,,,
544,2018,2018238,3.56,f,Tikchik,5/20/18,5/21/18,6/11/18,1,22,1,,,1,60.3195,-158.6748,,,,,,,,,,,,,,,,,,,
547,2018,2018241,3.21,m,Tikchik,5/24/18,5/25/18,6/11/18,1,18,1,,,1,60.4216,-158.2613,,,,,,,,,,,,,,,,,,,
548,2018,2018242,3.2,f,Tikchik,5/24/18,5/25/18,6/11/18,1,18,1,,,1,60.4297,-158.2383,,,,,,,,,,,,,,,,,,,
549,2018,2018243,3.78,m,Tikchik,5/24/18,5/25/18,5/26/18,1,2,1,,,1,60.4068,-158.3264,0,60.388,-158.282,,,,,,,,,,,,,,,,BEAR
552,2019,2019102,2.53,m,Tikchik,5/11/19,5/12/19,5/12/19,1,1,1,,,1,60.20876,-158.42287,1,60.1991,-158.44662,0,60.20227,-158.4474,,,,,,,,,,,,,BEAR
554,2019,2019104,2.31,f,Tikchik,5/11/19,5/12/19,10/11/19,1,153,1,,,1,60.18578,-158.43179,1,60.20405,-158.45674,,,,,,,,,,,,,,,,
555,2019,2019105,3.97,m,Tikchik,5/11/19,5/12/19,8/8/19,1,89,1,,,1,60.20325,-158.45511,1,60.17567,-158.54006,,,,,,,1,60.15763,-158.51893,,,,,,,
556,2019,2019106,3.2,m,Tikchik,5/11/19,5/12/19,3/31/20,1,325,1,,,1,60.19965,-158.41139,1,60.16945,-158.57034,,,,,,,,,,,,,,,,
558,2019,2019108,0.99,m,Tikchik,5/11/19,5/12/19,8/22/19,1,103,1,,,1,60.18587,-158.3257,,,,,,,1,60.16897,-158.22051,1,60.17102,-158.28517,,,,,,,
559,2019,2019109,2.06,f,Tikchik,5/11/19,5/12/19,5/12/19,1,1,1,,,1,60.17608,-158.34221,1,60.1663,-158.34777,,,,0,60.3719,-158.4794,,,,,,,,,,EAGLE
560,2019,2019110,3.67,f,Tikchik,5/13/19,5/14/19,10/11/19,1,151,1,,,1,60.24151,-158.55247,1,60.194,-158.59759,,,,,,,,,,,,,,,,
564,2019,2019114,3.55,f,Tikchik,5/13/19,5/14/19,5/14/19,1,1,1,,,1,60.16101,-158.35715,0,60.1855,-158.4897,,,,,,,,,,,,,,,,BEAR
566,2019,2019116,2.24,m,Tikchik,5/13/19,5/14/19,5/14/19,1,1,1,,,1,60.14013,-158.31767,0,60.3216,-158.5127,,,,,,,,,,,,,,,,BEAR
567,2019,2019117,3.41,m,Tikchik,5/13/19,5/14/19,5/17/19,1,4,1,,,1,60.15878,-158.31819,1,60.1445,-158.29546,,,,,,,0,60.31944,-158.4856,,,,,,,BEAR
568,2019,2019118,2.35,f,Tikchik,5/13/19,5/14/19,12/4/19,1,205,1,,,1,60.15878,-158.31819,1,60.13037,-158.3026,,,,,,,,,,,,,,,,
569,2019,2019119,2.25,f,Tikchik,5/13/19,5/14/19,5/14/19,1,1,1,,,1,60.15075,-158.34345,0,60.2133,-158.4008,,,,,,,,,,,,,,,,EAGLE?
570,2019,2019120,3.53,f,Tikchik,5/13/19,5/14/19,5/14/19,1,1,1,,,1,60.21973,-158.26029,0,60.3066,-158.4713,,,,,,,,,,,,,,,,PREDATOR
572,2019,2019122,3.47,f,Tikchik,5/13/19,5/14/19,5/31/19,1,18,1,,,1,60.25314,-158.35526,1,60.21554,-158.26302,,,,,,,,,,,,,,,,
576,2019,2019126,2.09,f,Tikchik,5/15/19,5/16/19,5/16/19,1,1,1,,,1,60.14458,-158.29446,0,60.3719,-158.499,,,,,,,,,,,,,,,,PREDATOR
578,2019,2019128,0.57,f,Tikchik,5/15/19,5/16/19,5/19/19,1,4,1,,,1,60.17642,-158.3656,,,,,,,0,60.43667,-158.6447,,,,,,,,,,EAGLE
583,2019,2019133,2.45,m,Tikchik,5/15/19,5/16/19,5/19/19,1,4,1,,,1,60.34343,-158.38847,,,,,,,,,,,,,,,,,,,PREDATOR (5/31)
585,2019,2019135,2.42,m,Tikchik,5/15/19,5/16/19,5/19/19,1,4,1,,,1,60.35797,-158.35367,,,,,,,0,60.311,-158.0491,,,,,,,,,,WOLF
596,2019,2019146,0.9,m,Tikchik,5/17/19,5/18/19,5/19/19,1,2,1,,,1,60.33931,-158.2598,,,,,,,,,,,,,,,,,,,PREDATOR (10/13)
598,2019,2019148,1.86,f,Tikchik,5/17/19,5/18/19,5/18/19,1,1,1,,,1,60.30176,-158.27463,0,60.3194,-158.0141,,,,,,,,,,,,,,,,WOLF
599,2019,2019149,3.87,m,Tikchik,5/17/19,5/18/19,5/19/19,1,2,1,,,1,60.262,-158.35056,,,,,,,,,,,,,,,,,,,UNK FATE (10/11)
605,2019,2019155,3.55,f,Tikchik,5/19/19,5/20/19,5/21/19,1,2,1,,,1,60.3335,-158.58578,,,,,,,,,,,,,,,,,,,UNK FATE (10/11)
606,2019,2019156,2.25,m,Tikchik,5/19/19,5/20/19,5/20/19,1,1,1,,,1,60.32159,-158.60698,0,,,,,,,,,,,,,,,,,,PREDATOR
608,2019,2019158,2.24,m,Tikchik,5/19/19,5/20/19,5/21/19,1,2,1,,,1,60.33122,-158.62378,,,,,,,,,,,,,,,,,,,UNK FATE (8/22)
609,2019,2019159,3.41,m,Tikchik,5/19/19,5/20/19,10/11/19,1,145,1,,,1,60.34951,-158.6462,,,,,,,,,,,,,,,,,,,
610,2019,2019160,2.59, unk ,Tikchik,5/19/19,5/20/19,5/21/19,1,2,1,,,1,60.34447,-158.68564,,,,,,,,,,,,,,,,,,,UNK FATE (8/22)
611,2019,2019200,2.51,f,Mosquito/MCH,5/12/19,5/13/19,8/8/19,1,88,1,,,1,60.66347,-155.97963,,,,,,,,,,,,,,,,,,,
614,2019,2019203,1.78,f,Mosquito/MCH,5/12/19,5/13/19,5/14/20,1,368,1,,,1,60.67504,-155.9658,1,60.66605,-155.9707,,,,,,,,,,,,,,,,
615,2019,2019204,0.23,m,Mosquito/MCH,5/12/19,5/13/19,5/19/19,1,7,1,,,1,60.65773,-155.95843,1,60.66542,-155.94999,,,,,,,,,,,,,,,,
617,2019,2019206,2.08,m,Mosquito/MCH,5/12/19,5/13/19,10/11/19,1,152,1,,,1,60.6415,-156.13429,,,,,,,,,,,,,,,,,,,
618,2019,2019207,1.96,f,Mosquito/MCH,5/12/19,5/13/19,10/11/19,1,152,1,,,1,60.63144,-156.1482,,,,,,,1,60.62868,-156.17229,,,,,,,,,,
619,2019,2019208,0.49,f,Mosquito/MCH,5/12/19,5/13/19,10/11/19,1,152,1,,,1,60.64378,-156.06341,1,60.65219,-156.06724,,,,,,,,,,,,,,,,
622,2019,2019211,3.95,f,Mosquito/MCH,5/14/19,5/15/19,10/11/19,1,150,1,,,1,60.66128,-155.96721,1,60.65445,-155.95011,,,,1,60.65738,-155.98005,,,,,,,,,,
624,2019,2019213,3.24,m,Mosquito/MCH,5/14/19,5/15/19,8/8/19,1,86,1,,,1,60.67432,-155.97467,1,60.64395,-155.97432,,,,,,,1,60.68449,-155.87776,,,,,,,
625,2019,2019214,3.78,f,Mosquito/MCH,5/14/19,5/15/19,8/8/19,1,86,1,,,1,60.70511,-155.87313,1,60.71502,-155.84916,,,,,,,1,60.71634,-155.8435,,,,,,,
636,2019,2019225,0.14,m,Mosquito/MCH,5/16/19,5/17/19,5/17/19,1,1,1,,,1,60.66964,-155.26108,0,60.7769,-155.4036,,,,,,,,,,,,,,,,BEAR
640,2019,2019229,3.56,m,Mosquito/MCH,5/16/19,5/17/19,2/9/20,1,269,1,,,1,60.69991,-156.01203,1,60.70905,-155.98854,,,,,,,,,,,,,,,,
641,2019,2019230,2.29,m,Mosquito/MCH,5/16/19,5/17/19,8/8/19,1,84,1,,,1,60.58132,-156.11933,1,60.58612,-156.12928,,,,,,,,,,,,,,,,
644,2019,2019233,2.3,m,Mosquito/MCH,5/18/19,5/19/19,5/20/19,1,2,1,,,1,60.60219,-156.09032,,,,,,,,,,,,,,,,,,,UNK FATE (5/31)
645,2019,2019234,1.81,f,Mosquito/MCH,5/18/19,5/19/19,5/19/19,1,1,1,,,1,60.61156,-156.08334,,,,,,,,,,,,,,,,,,,UNK FATE 6/12)
646,2019,2019235,2.14,f,Mosquito/MCH,5/18/19,5/19/19,5/19/19,1,1,1,,,1,60.60466,-156.08353,,,,,,,,,,,,,,,,,,,UNK FATE (5/31)
651,2019,2019240,2.58,m,Mosquito/MCH,5/18/19,5/19/19,5/19/19,1,1,1,,,1,60.62535,-156.12548,,,,,,,,,,,,,,,,,,,UNK FATE (5/31)
652,2020,2020100,3.69,f,Mosquito/MCH,5/15/20,5/16/20,7/29/20,1,75,1,,,1,60.45091,-156.10992,,,,,,,,,,,,,,,,,,,
653,2020,2020101,3.76,m,Mosquito/MCH,5/15/20,5/16/20,5/23/20,1,8,1,,,1,60.48115,-156.30717,,,,,,,,,,,,,,,,,,,
658,2020,2020106,2.45,f,Mosquito/MCH,5/15/20,5/16/20,5/23/20,1,8,1,,,1,60.57061,-156.17933,1,60.56904,-156.18615,,,,,,,,,,,,,,,,
659,2020,2020107,2.18,f,Mosquito/MCH,5/15/20,5/16/20,5/16/20,1,1,1,,,1,60.57254,-156.14867,0,60.57683,-156.15802,,,,,,,,,,,,,,,,UNK FATE
660,2020,2020108,2.28,m,Mosquito/MCH,5/15/20,5/16/20,1/25/21,1,255,1,,,1,60.59155,-156.13884,1,60.58754,-156.13931,,,,,,,,,,,,,,,,
665,2020,2020113,3.75,f,Mosquito/MCH,5/15/20,5/16/20,7/29/20,1,75,1,,,1,60.63038,-155.92362,1,60.62872,-155.92329,,,,,,,,,,,,,,,,
667,2020,2020115,1.82,f,Mosquito/MCH,5/15/20,5/16/20,7/29/20,1,75,1,,,1,60.59037,-155.85939,1,60.59078,-155.88649,,,,,,,,,,,,,,,,
668,2020,2020116,3.79,f,Mosquito/MCH,5/15/20,5/16/20,5/22/21,1,372,1,,,1,60.58514,-155.849,1,60.60906,-155.96561,,,,,,,,,,,,,,,,
669,2020,2020117,3.7,m,Mosquito/MCH,5/15/20,5/16/20,7/29/20,1,75,1,,,1,60.56523,-155.89804,1,60.56524,-155.89804,,,,,,,,,,,,,,,,
670,2020,2020118,1.59,f,Mosquito/MCH,5/15/20,5/16/20,3/31/21,1,320,1,,,1,60.52582,-155.99437,1,60.52515,-155.9887,,,,,,,,,,,,,,,,
676,2020,2020124,3.05,m,Mosquito/MCH,5/19/20,5/20/20,5/20/20,1,1,1,,,1,60.65557,-155.80201,,,,,,,0,60.68989,-155.81118,,,,,,,,,,WOLF
678,2020,2020126,3.77,f,Mosquito/MCH,5/19/20,5/20/20,5/20/20,1,1,1,,,1,60.62413,-155.90351,,,,,,,0,60.63177,-155.97264,,,,,,,,,,BEAR
685,2020,2020133,3.66,f,Mosquito/MCH,5/19/20,5/20/20,5/22/21,1,368,1,,,1,60.57884,-156.17743,,,,,,,1,60.57971,-156.06646,,,,,,,,,,
686,2020,2020134,3.48,f,Mosquito/MCH,5/19/20,5/20/20,7/29/20,1,71,1,,,1,60.58928,-156.2372,,,,,,,1,60.6073,-156.05296,,,,,,,,,,
687,2020,2020135,3.68,f,Mosquito/MCH,5/19/20,5/20/20,5/23/20,1,4,1,,,1,60.53663,-156.05634,,,,,,,1,60.57149,-155.9802,,,,,,,,,,UNK FATE
694,2021,2021100,2.3,f,south,5/14/21,5/15/21,10/3/21,1,142,1,,,1,59.42654,-157.91244,1,59.42037,-157.91772,1,59.40938,-157.97667,1,59.42192,-158.09047,1,59.41061,-157.99823,,,,,,,
695,2021,2021101,3.23,m,south,5/14/21,5/15/21,8/2/21,1,80,1,,,1,59.45044,-157.84852,1,59.46305,-157.86204,1,59.46187,-157.85165,1,59.45526,-157.92057,1,59.44732,-157.96392,,,,,,,
699,2021,2021105,1.81,m,Mosquito/MCH,5/14/21,5/15/21,5/19/21,1,5,1,,,1,60.85822,-155.48962,,60.86044,-155.49968,,60.86261,-155.44225,,60.85132,-155.4921,,60.78771,-155.58961,,,,,,,
701,2021,2021107,2.52,m,Mosquito/MCH,5/14/21,5/15/21,10/3/21,1,142,1,,,1,60.85493,-155.46432,1,60.85383,-155.45543,1,60.85319,-155.45474,1,60.85563,-155.47841,1,60.71574,-155.54238,,,,,,,
705,2021,2021111,3.88,m,Tikchik,5/15/21,5/16/21,6/30/21,1,46,1,,,1,60.22255,-158.37362,1,60.22194,-158.39606,,,,,,,,,,,,,,,,
706,2021,2021112,2.29,f,Tikchik,5/15/21,5/16/21,5/17/21,1,2,1,,,1,60.26747,-158.53272,1,60.27162,-158.48895,0,60.2708,-158.4886,,,,,,,,,,,,,BEAR
711,2021,2021117,1.89,m,Mosquito/MCH,5/16/21,5/17/21,5/17/21,1,1,1,,,1,60.91909,-155.81623,0,60.90608,-155.82156,,,,,,,,,,,,,,,,BEAR
714,2021,2021120,2.11,m,Tikchik,5/17/21,5/18/21,5/21/21,1,4,1,,,1,60.26903,-158.47072,1,60.29595,-158.45506,,,,,,,0,60.3109,-158.4912,,,,,,,BEAR
716,2021,2021122,2.09,m,Tikchik,5/17/21,5/18/21,10/18/21,1,154,1,,,1,60.33936,-158.57749,1,60.3513,-158.57952,,,,,,,,,,,,,,,,
717,2021,2021123,2.2,m,Tikchik,5/17/21,5/18/21,5/21/21,1,4,1,,,1,60.34175,-158.54169,1,60.33273,-158.56016,,,,0,60.2846,-158.5233,,,,,,,,,,BEAR
718,2021,2021124,2.24,f,Mosquito/MCH,5/18/21,5/19/21,10/3/21,1,138,1,,,1,60.7249,-155.74874,,,,1,60.72495,-155.75483,1,60.68342,-155.73444,1,60.6716,-155.75012,,,,,,,
724,2021,2021130,2.26,f,Mosquito/MCH,5/20/21,5/21/21,10/3/21,1,136,1,,,1,60.5717,-155.76346,1,60.56971,-155.76873,1,60.61157,-155.89162,,,,1,60.61069,-155.72076,,,,,,,
727,2021,2021133,3.87,f,Mosquito/MCH,5/20/21,5/21/21,8/2/21,1,74,1,,,1,60.75714,-155.74031,1,60.75575,-155.74219,1,60.7719,-155.63661,,,,1,60.79325,-155.80084,,,,,,,
730,2021,2021136,2.54,m,Tikchik,5/21/21,5/22/21,8/2/21,1,73,1,,,1,60.19671,-158.43585,,,,,,,,,,,,,,,,,,,
732,2021,2021138,3.02,f,Tikchik,5/21/21,5/22/21,10/18/21,1,150,1,,,1,60.27229,-158.41445,,,,,,,,,,,,,,,,,,,
734,2021,2021140,3.61,m,Tikchik,5/21/21,5/22/21,5/24/21,1,3,1,,,1,60.33463,-158.65597,,,,0,60.4214,-158.6505,,,,,,,,,,,,,BEAR
736,2021,2021142,0.99,unk,Tikchik,5/21/21,5/22/21,5/23/21,1,2,1,,,1,60.37778,-158.78169,,,,0,60.3772,-158.7386,,,,,,,,,,,,,PREDATOR
738,2021,2021144,2.55,unk,Tikchik,5/21/21,5/22/21,6/11/21,1,21,1,,,1,60.3613,-158.31642,,,,,,,,,,,,,,,,,,,
739,2021,2021145,3.78,unk,Tikchik,5/21/21,5/22/21,5/24/21,1,3,1,,,1,60.33353,-158.33998,,,,0,60.332,-158.4683,,,,,,,,,,,,,BEAR
5,2011,2011025,3.68,f,Kemuk,5/16/11,5/18/11,9/28/11,2,135,1,,,1,,,1,59.59933,-157.63967,1,59.57388,-157.63105,,,,1,59.56983,157.70867,,,,,,,
6,2011,2011026,3.43,m,Kemuk,5/16/11,5/18/11,10/19/11,2,156,1,,,1,,,1,59.66167,-157.64267,1,59.61932,-157.65208,,,,,,,,,,,,,
8,2011,2011028,3.42,m,Kemuk,5/16/11,5/18/11,9/28/11,2,135,1,,,1,,,1,59.91967,-157.53117,,,,,,,1,59.92047,157.57503,,,,,,,
9,2011,2011029,3.79,unk,Kemuk,5/16/11,5/18/11,10/19/11,2,156,1,,,1,,,1,59.8965,-157.5445,1,59.8965,,,,,,,,,,,,,,
16,2011,2011036,3.57,unk,Kemuk,5/17/11,5/19/11,5/20/11,2,3,1,,,1,,,1,59.58467,-157.54183,1,,,0,59.55217,-157.52158,,,,,,,,,,BEAR
17,2011,2011037,3.52,f,Kemuk,5/17/11,5/19/11,5/30/11,2,13,1,,,1,,,1,59.5865,-157.294,,,,,,157.32672,1,60.06017,157.58717,,,,,,,
20,2011,2011040,3.46,m,Kemuk,5/17/11,5/19/11,7/1/11,2,45,1,,,1,,,1,59.8875,-157.49033,,,,1,60.06182,157.58173,,,,,,,,,,
31,2011,2011051,3.74,f,Kemuk,5/19/11,5/21/11,4/2/12,2,319,1,,,1,,,1,59.17467,-158.15717,,,,,,,,,,,,,,,,
35,2011,2011055,3.81,f,Kemuk,5/19/11,5/21/11,5/22/11,2,3,1,,,1,,,1,59.23467,-157.76317,1,,,0,59.22216,-157.7303,,,,,,,,,,PREDATOR
38,2011,2011058,3.47,f,Kemuk,5/19/11,5/21/11,10/18/11,2,152,1,,,1,,,1,59.55483,-157.77683,,,,,,,,,,,,,,,,
40,2011,2011060,3.76,m,Kemuk,5/19/11,5/21/11,10/18/11,2,152,1,,,1,,,1,59.63133,-157.71267,1,59.64033,-157.65768,,,,,,,,,,,,,
53,2011,2011073,0.52,m,Kemuk,5/20/11,5/22/11,5/23/11,2,3,1,,,1,,,1,59.2035,-157.849,1,,,0,59.20633,-157.8575,,,,,,,,,,ABANDONED; CAPTURE RELATED?
54,2011,2011074,0.57,f,Kemuk,5/20/11,5/22/11,8/7/11,2,79,1,,,1,,,1,59.2035,-157.849,,,,,,,,,,,,,,,,
64,2011,2011084,1.42,m,Kemuk,5/20/11,5/22/11,12/13/11,2,207,1,,,1,,,1,59.23317,-158.04617,,,,,,,,,,,,,,,,
66,2011,2011086,1.849,m,Kemuk,5/21/11,5/23/11,8/7/11,2,78,1,,,1,,,1,59.41517,-157.75417,,,,,,,,,,,,,,,,
75,2011,2011095,1.8,m,Kemuk,5/22/11,5/24/11,6/2/11,2,11,1,,,1,,,1,59.6565,-157.68033,,,,,,,,,,,,,,,,
78,2011,2011098,3.409,m,Kemuk,5/23/11,5/25/11,5/25/11,2,2,1,,,1,,,1,59.13233,-158.21567,0,59.1525,-158.22033,,,,,,,,,,,,,WOLF
92,2012,2012103,2.84,m,Kemuk,5/17/12,5/19/12,7/7/12,2,50.5,1,,,1,,,1,59.49599,-157.70156,1,59.49599,-157.70156,,,,1,59.56152,-157.74363,,,,,,,
95,2012,2012106,0.9,m,Kemuk,5/17/12,5/19/12,10/18/12,2,154,1,,,1,,,1,59.62365,-157.45691,1,59.65356,-157.43138,1,59.64642,-157.3936,,,,,,,,,,
100,2012,2012111,2.38,f,Kemuk,5/17/12,5/19/12,6/8/12,2,22,1,,,1,,,1,59.61706,-157.49945,1,59.60928,-157.46665,,,,,,,,,,,,,
116,2012,2012127,2.79,f,Kemuk,5/18/12,5/20/12,7/7/12,2,50,1,,,1,,,1,60.09522,-157.88631,1,60.07828,-157.87399,1,60.03538,-157.85202,1,60.03377,-157.63981,,,,,,,
137,2012,2012148,2.4,m,Kemuk,5/20/12,5/22/12,6/8/12,2,19,1,,,1,,,1,59.16288,-158.39821,,,,,,,,,,1,59.15365,-158.45656,,,,
138,2012,2012149,2.64,f,Kemuk,5/21/12,5/23/12,7/7/12,2,47,1,,,1,,,1,59.87823,-156.92793,1,59.87774,-157.00636,,,,,,,1,59.87775,-156.96701,,,,
139,2012,2012150,2.1,f,Kemuk,5/21/12,5/23/12,6/8/12,2,18,1,,,1,,,1,59.85099,-156.9178,,,,,,,,,,,,,,,,
140,2012,2012151,0.459,f,Kemuk,5/22/12,5/24/12,6/29/12,2,38,1,,,1,,,1,59.44572,-157.87842,,,,,,,,,,,,,,,,
148,2012,2012207,3.34,m,Tundra,5/15/12,5/17/12,10/11/12,2,149,1,,,1,,,1,61.37463,-155.97805,,,,,,,,,,1,61.29295,-155.83315,,,,
183,2012,2012242,1.85,m,Tundra,5/17/12,5/19/12,10/11/12,2,147,1,,,1,,,1,61.28953,-156.33528,,,,,,,,,,,,,,,,
204,2012,2012263,3.23,f,Tundra,5/21/12,5/23/12,6/9/12,2,19,1,,,1,,,1,61.19873,-155.717,1,61.19505,-155.71561,,,,,,,1,61.20363,-155.69142,,,,
207,2013,2013100,3.034,m,Kemuk,5/16/13,5/18/13,5/15/14,2,364,1,,,1,,,1,59.26943,-157.84047,,,,,,,,,,,,,,,,
215,2013,2013108,0.962,m,Kemuk,5/17/13,5/19/13,5/15/14,2,363,1,,,1,,,1,59.89682,-157.56137,,,,,,,,,,1,59.95733,-157.58777,,,,
220,2013,2013113,3.19,f,Kemuk,5/17/13,5/19/13,5/25/13,2,8,1,,,1,,,1,59.88148,-156.96832,,,,,,,1,59.8964,-156.87819,,,,,,,
221,2013,2013114,0.983,unk,Kemuk,5/17/13,5/19/13,5/19/14,2,367,1,,,1,,,1,59.8784,-157.09782,1,59.86591,-157.11442,,,,,,,,,,,,,
222,2013,2013115,0.772,m,Kemuk,5/17/13,5/19/13,5/22/13,2,5,1,,,1,,,1,59.86985,-157.09782,,,,1,59.88046,-157.14895,0,59.87266,-157.1329,,,,,,,DROWNED
227,2013,2013120,2.81,f,Kemuk,5/17/13,5/19/13,12/16/13,2,213,1,,,1,,,1,59.48321,-157.63113,1,59.483,-157.631,,,,,,,,,,,,,
232,2013,2013125,3.091,f,Kemuk,5/18/13,5/20/13,7/12/13,2,55,1,,,1,,,1,59.94913,-157.64424,1,59.9491,-157.6442,,,,,,,,,,,,,
233,2013,2013126,3.11,f,Kemuk,5/18/13,5/20/13,5/24/13,2,6,1,,,1,,,1,60.09755,-157.21173,,,,1,60.07878,-157.3163,,,,,,,,,,
234,2013,2013127,2.41,f,Kemuk,5/18/13,5/20/13,5/15/14,2,362,1,,,1,,,1,60.19034,-157.486,1,60.18694,-157.49475,,,,,,,,,,,,,
236,2013,2013129,0.562,m,Kemuk,5/18/13,5/20/13,5/31/13,2,13,1,,,1,,,1,60.02665,-157.58835,1,60.02565,-157.55749,,,,,,,,,,,,,
237,2013,2013130,0.922,f,Kemuk,5/18/13,5/20/13,5/15/14,2,362,1,,,1,,,1,59.67629,-157.24002,,,,,,,1,59.59693,-157.42206,,,,,,,
240,2013,2013133,3.25,f,Kemuk,5/19/13,5/21/13,5/15/14,2,361,1,,,1,,,1,59.59445,-157.48654,,,,1,59.59782,-157.52699,,,,,,,,,,
251,2013,2013144,3.01,f,Kemuk,5/21/13,5/23/13,10/23/13,2,155,1,,,1,,,1,59.64161,-157.6375,,,,,,,,,,,,,,,,
254,2013,2013147,0.772,f,Kemuk,5/22/13,5/24/13,5/15/14,2,358,1,,,1,,,1,59.58131,-157.71204,,,,,,,,,,,,,,,,
257,2013,2013200,3.61,m,Tundra,5/14/13,5/16/13,5/17/13,2,3,1,,,1,,,1,61.20792,-155.82317,,,,0,61.18871,-155.84526,,,,,,,,,,WOLF
268,2013,2013211,1.911,f,Tundra,5/14/13,5/16/13,5/26/13,2,12,1,,,1,,,1,61.21068,-155.77121,1,61.20942,-155.76962,,,,,,,,,,,,,
269,2013,2013212,3.56,m,Tundra,5/15/13,5/17/13,5/21/13,2,6,1,,,1,,,1,61.16871,-155.79886,1,61.16877,-155.79896,,,,,,,,,,,,,
285,2013,2013228,3.74,m,Tundra,5/16/13,5/18/13,5/23/13,2,7,1,,,1,,,1,61.1714,-155.74901,1,61.15807,-155.70609,,,,,,,1,61.1018,-155.85884,,,,
288,2013,2013231,3.63,f,Tundra,5/16/13,5/18/13,5/15/14,2,364,1,,,1,,,1,61.12348,-155.80653,1,61.12517,-155.77383,,,,,,,1,61.10197,-155.85044,,,,
311,2013,2013254,3.51,f,Tundra,5/20/13,5/22/13,5/26/13,2,6,1,,,1,,,1,60.98864,-155.81288,1,60.99839,-155.81208,,,,,,,,,,,,,
313,2013,2013256,1.064,f,Tundra,5/20/13,5/22/13,5/15/14,2,360,1,,,1,,,1,60.97404,-155.9701,1,60.98614,-155.98505,,,,,,,,,,,,,
318,2013,2013261,1.963,f,Tundra,5/22/13,5/24/13,7/12/13,2,51,1,,,1,,,1,61.40821,-156.05527,1,61.41013,-156.05099,,,,,,,,,,,,,
320,2013,2013263,3.74,m,Tundra,5/23/13,5/25/13,5/31/13,2,8,1,,,1,,,1,61.17104,-155.89557,1,61.17371,-155.89462,,,,,,,,,,,,,
323,2013,2013266,1.782,m,Tundra,5/24/13,5/26/13,5/31/13,2,7,1,,,1,,,1,61.24905,-156.045,1,61.24214,-156.03077,,,,,,,,,,,,,
325,2013,2013268,3.452,f,Tundra,5/24/13,5/26/13,5/31/13,2,7,1,,,1,,,1,61.2096,-155.7371,1,61.21098,-155.73907,,,,1,61.20988,-155.73727,,,,,,,
326,2014,2014100,0.77,m,Kemuk,5/16/14,5/18/14,7/2/14,2,47,1,,,1,,,1,59.59692,-157.66087,1,59.5937,-157.72526,,,,1,59.67221,-157.95961,,,,,,,
342,2014,2014116,1.04,m,Kemuk,5/16/14,5/18/14,4/1/15,2,320,1,,,1,,,1,60.20176,-158.44093,1,60.19701,-158.39907,1,60.15562,-158.35763,,,,,,,,,,
349,2014,2014204,2.6,f,Mulchatna,5/14/14,5/16/14,5/16/14,2,2,1,,,1,,,1,60.71234,-154.1895,1,60.71333,-154.18883,0,,,,,,,,,,,,DROWNED
350,2014,2014205,3.57,f,Mulchatna,5/14/14,5/16/14,5/19/15,2,370,1,,,1,,,1,60.72667,-154.22616,1,60.71507,-154.26598,,,,,,,1,60.72588,-154.25903,,,,
351,2014,2014206,3.49,f,Mulchatna,5/14/14,5/16/14,5/16/14,2,2,1,,,1,,,1,60.73998,-154.29247,1,60.70883,-154.362,0,,,,,,,,,,,,BEAR
360,2014,2014215,3.311,m,Mulchatna,5/15/14,5/17/14,5/18/14,2,3,1,,,1,,,1,60.76498,-154.17001,0,60.76602,-154.17155,,,,,,,,,,,,,EAGLE
361,2014,2014216,3.53,m,Mulchatna,5/15/14,5/17/14,12/18/14,2,217,1,,,1,,,1,60.82132,-154.12088,,,,,,,1,60.87814,-153.90385,1,60.86521,-153.93563,,,,
392,2017,2017103,2.06,m,Tikchik,5/13/17,5/15/17,5/19/18,2,371,1,,,1,,,1,60.32472,-158.74385,,,,,,,,,,,,,,,,
398,2017,2017109,0.15,f,Tikchik,5/13/17,5/15/17,4/3/18,2,325,1,,,1,,,1,60.38431,-158.87844,,,,1,60.38449,-158.87671,,,,,,,,,,
402,2017,2017113,1.85,m,Tikchik,5/13/17,5/15/17,5/22/17,2,9,1,,,1,,,1,60.41034,-158.82146,,,,1,60.41777,-158.8795,,,,,,,,,,
420,2017,2017131,2.51,unk,Tikchik,5/16/17,5/18/17,10/14/17,2,151,1,,,1,,,1,60.42171,-158.70609,,,,1,60.42183,-158.69926,,,,,,,,,,
423,2017,2017134,0.99,m,Tikchik,5/18/17,5/20/17,10/15/17,2,150,1,,,1,,,1,60.40934,-158.4641,,,,,,,,,,,,,,,,
424,2017,2017135,2.11,unk,Tikchik,5/18/17,5/20/17,5/22/17,2,4,1,,,1,,,1,60.43926,-158.49783,,,,1,60.43234,-158.48118,,,,,,,,,,WOLF (5/25)
425,2017,2017136,3.03,unk,Tikchik,5/18/17,5/20/17,10/14/17,2,149,1,,,1,,,1,60.40503,-158.47189,,,,1,60.43556,-158.41496,,,,,,,,,,
428,2017,2017200,2.35,f,Mulchatna,5/11/17,5/13/17,5/26/17,2,15,1,,,1,,,1,60.54385,-155.38688,,,,,,,,,,,,,,,,
433,2017,2017205,2.45,f,Mulchatna,5/11/17,5/13/17,5/14/17,2,3,1,,,1,,,1,60.51679,-155.40154,0,60.51648,-155.40029,,,,,,,,,,,,,EAGLE
435,2017,2017207,2.23,m,Mulchatna,5/11/17,5/13/17,6/25/17,2,45,1,,,1,,,1,60.52977,-155.40833,,,,,,,,,,,,,,,,
438,2017,2017210,2.47,m,Mulchatna,5/11/17,5/13/17,5/22/17,2,11,1,,,1,,,1,60.70088,-154.63347,,,,,,,,,,,,,,,,
443,2017,2017215,2.48,f,Mulchatna,5/11/17,5/13/17,6/1/17,2,21,1,,,1,,,1,60.62671,-155.17313,,,,,,,,,,,,,,,,
446,2017,2017218,2.27,f,Mulchatna,5/12/17,5/14/17,5/17/17,2,5,1,,,1,,,1,60.75791,-154.2477,,,,,,,0,60.75233,-154.20469,,,,,,,
463,2017,2017235,1.56,unk,Mulchatna,5/17/17,5/19/17,5/26/17,2,9,1,,,1,,,1,60.76278,-154.65124,1,60.77689,-154.63805,,,,1,60.78203,-154.64783,,,,,,,
472,2018,2018106,3.22,m,UMulch,5/12/18,5/14/18,5/18/18,2,6,1,,,1,,,1,60.619,-155.0298,,,,,,,,,,,,,,,,
474,2018,2018108,2.35,f,UMulch,5/12/18,5/14/18,5/23/18,2,11,1,,,1,,,1,60.6304,-154.9978,,,,,,,,,,,,,,,,
475,2018,2018109,0.57,m,UMulch,5/12/18,5/14/18,5/23/18,2,11,1,,,1,,,1,60.6328,-154.9754,,,,,,,,,,,,,,,,
478,2018,2018112,1.95,f,UMulch,5/12/18,5/14/18,4/1/19,2,324,1,,,1,,,1,60.6339,-155.2957,,,,,,,,,,,,,,,,
479,2018,2018113,3.4,f,UMulch,5/12/18,5/14/18,10/7/18,2,148,1,,,1,,,1,60.6305,-155.3021,,,,,,,,,,,,,,,,
481,2018,2018115,1.86,f,UMulch,5/14/18,5/16/18,8/3/18,2,81,1,,,1,,,1,61.0882,-156.043,,,,,,,,,,,,,,,,
483,2018,2018117,3.41,m,UMulch,5/14/18,5/16/18,10/7/18,2,146,1,,,1,,,1,61.1239,-155.982,,,,,,,,,,,,,,,,
487,2018,2018121,0.96,f,UMulch,5/14/18,5/16/18,6/25/18,2,42,1,,,1,,,1,61.0755,-155.8758,,,,,,,,,,,,,,,,
490,2018,2018124,3.24,m,UMulch,5/16/18,5/18/18,6/6/18,2,21,1,,,1,,,1,60.6018,-154.9991,1,60.6,-154.98,,,,,,,,,,,,,
493,2018,2018127,3.19,unk,UMulch,5/16/18,5/18/18,5/19/18,2,3,1,,,1,,,1,60.7197,-155.2175,0,60.72082,-155.21793,,,,,,,,,,,,,UNK NON PREDATION
494,2018,2018128,2.46,f,UMulch,5/16/18,5/18/18,2/19/19,2,279,1,,,1,,,1,60.534,-155.4564,,,,,,,,,,,,,,,,
496,2018,2018130,2.57,m,UMulch,5/18/18,5/20/18,5/20/19,2,367,1,,,1,,,1,60.8141,-155.6529,1,60.81,-155.65,,,,,,,,,,,,,
501,2018,2018135,0.98,f,UMulch,5/18/18,5/20/18,10/7/18,2,142,1,,,1,,,1,60.6654,-155.6743,,,,,,,,,,,,,,,,
502,2018,2018136,3.97,m,UMulch,5/20/18,5/22/18,9/6/18,2,109,1,,,1,,,1,60.8193,-155.7599,,,,,,,1,60.83809,-155.76691,,,,,,,
505,2018,2018139,3.57,m,UMulch,5/20/18,5/22/18,5/23/18,2,3,1,,,1,,,1,60.9096,-155.814,0,60.90798,-155.83417,,,,,,,,,,,,,WOLF
507,2018,2018201,3.47,m,Tikchik,5/11/18,5/13/18,6/11/18,2,31,1,,,1,,,1,60.0899,-158.4225,,,,,,,,,,,,,,,,
517,2018,2018211,3.88,f,Tikchik,5/12/18,5/14/18,10/13/18,2,154,1,,,1,,,1,60.191,-158.5314,,,,,,,,,,,,,,,,
520,2018,2018214,3.46,m,Tikchik,5/12/18,5/14/18,10/13/18,2,154,1,,,1,,,1,59.8632,-157.7795,,,,,,,,,,,,,,,,
538,2018,2018232,3.67,m,Tikchik,5/17/18,5/19/18,6/11/18,2,25,1,,,1,,,1,60.1847,-158.4602,,,,,,,,,,,,,,,,
553,2019,2019103,3.5,f,Tikchik,5/10/19,5/12/19,8/22/19,2,104,1,,,1,,,1,60.19277,-158.41099,1,60.20054,-158.45611,,,,1,60.19672,-158.43627,,,,,,,
561,2019,2019111,0.72,f,Tikchik,5/12/19,5/14/19,8/22/19,2,102,1,,,1,,,1,60.19785,-158.44129,1,60.19347,-158.45563,,,,,,,,,,,,,
562,2019,2019112,3.63,f,Tikchik,5/12/19,5/14/19,5/31/19,2,19,1,,,1,,,1,60.19128,-158.43995,1,60.19036,-158.44147,,,,,,,,,,,,,
563,2019,2019113,2.55,f,Tikchik,5/12/19,5/14/19,5/31/19,2,19,1,,,1,,,1,60.1868,-158.43998,1,60.19947,-158.4354,,,,,,,,,,,,,
565,2019,2019115,3.57,f,Tikchik,5/12/19,5/14/19,4/10/20,2,334,1,,,1,,,1,60.17424,-158.31819,1,60.22522,-158.39163,1,60.20276,-158.3625,,,,,,,,,,
571,2019,2019121,2.07,m,Tikchik,5/12/19,5/14/19,5/31/19,2,19,1,,,1,,,1,60.24579,-158.26086,,,,,,,,,,,,,,,,
574,2019,2019124,3.61,m,Tikchik,5/12/19,5/14/19,5/31/19,2,19,1,,,1,,,1,60.21375,-158.30099,1,60.2215,-158.383,,,,,,,,,,,,,
575,2019,2019125,0.79,f,Tikchik,5/14/19,5/16/19,5/19/19,2,5,1,,,1,,,1,60.16413,-158.21363,,,,,,,,,,,,,,,,
577,2019,2019127,3.02,m,Tikchik,5/14/19,5/16/19,5/31/19,2,17,1,,,1,,,1,60.19563,-158.34146,,,,,,,,,,,,,,,,
579,2019,2019129,2.33,f,Tikchik,5/14/19,5/16/19,10/11/19,2,150,1,,,1,,,1,60.19253,-158.40636,,,,,,,,,,,,,,,,
580,2019,2019130,2.32,m,Tikchik,5/14/19,5/16/19,5/31/19,2,17,1,,,1,,,1,60.18487,-158.44919,,,,,,,,,,,,,,,,
581,2019,2019131,2.5,m,Tikchik,5/14/19,5/16/19,5/19/19,2,5,1,,,1,,,1,,,,,,,,,,,,,,,,,,
584,2019,2019134,3.72,m,Tikchik,5/14/19,5/16/19,3/10/20,2,301,1,,,1,,,1,60.35983,-158.37853,,,,,,,,,,,,,,,,
586,2019,2019136,0.56,f,Tikchik,5/14/19,5/16/19,5/19/19,2,5,1,,,1,,,1,60.35716,-158.28045,,,,,,,,,,,,,,,,
587,2019,2019137,2.38,f,Tikchik,5/14/19,5/16/19,5/17/19,2,3,1,,,1,,,1,60.25375,-158.2868,,,,0,60.345,-158.3433,,,,,,,,,,BEAR
588,2019,2019138,3.64,f,Tikchik,5/14/19,5/16/19,2/11/20,2,273,1,,,1,,,1,60.20945,-158.24277,,,,,,,,,,,,,,,,
589,2019,2019139,3.42,f,Tikchik,5/14/19,5/16/19,5/17/19,2,3,1,,,1,,,1,60.11674,-158.27167,,,,0,60.32145,-158.486,,,,,,,,,,BEAR
591,2019,2019141,2.18,m,Tikchik,5/16/19,5/18/19,8/22/19,2,98,1,,,1,,,1,60.06554,-158.48352,,,,,,,,,,,,,,,,
592,2019,2019142,2.39,m,Tikchik,5/16/19,5/18/19,5/31/19,2,15,1,,,1,,,1,60.13072,-158.30921,,,,,,,,,,,,,,,,
593,2019,2019143,1.97,m,Tikchik,5/16/19,5/18/19,5/19/19,2,3,1,,,1,,,1,60.13366,-158.39487,,,,,,,,,,,,,,,,PREDATOR (5/31)
597,2019,2019147,1.89,m,Tikchik,5/16/19,5/18/19,5/18/19,2,2,1,,,1,,,1,60.3343,-158.25578,0,60.4378,-158.5124,,,,,,,,,,,,,WOLF
604,2019,2019154,0.15,m,Tikchik,5/18/19,5/20/19,5/21/19,2,3,1,,,1,,,1,60.30012,-158.17404,,,,,,,,,,,,,,,,UNK FATE (10/11)
607,2019,2019157,3.53,f,Tikchik,5/18/19,5/20/19,5/21/19,2,3,1,,,1,,,1,60.32159,-158.60698,,,,,,,,,,,,,,,,UNK FATE (MAY 2020)
620,2019,2019209,2.27,m,Mosquito/MCH,5/11/19,5/13/19,1/8/20,2,242,1,,,1,,,1,60.63114,-156.01424,,,,1,60.65863,-155.97535,,,,,,,,,,
621,2019,2019210,3.21,m,Mosquito/MCH,5/13/19,5/15/19,6/27/19,2,45,1,,,1,,,1,60.67115,-155.9129,1,60.67969,-155.92226,,,,1,60.66073,-155.97878,,,,,,,
623,2019,2019212,3.8,f,Mosquito/MCH,5/13/19,5/15/19,10/11/19,2,151,1,,,1,,,1,60.64648,-155.98102,1,60.65511,-155.98606,,,,,,,1,60.63466,-155.93582,,,,
626,2019,2019215,3.88,m,Mosquito/MCH,5/13/19,5/15/19,5/31/19,2,18,1,,,1,,,1,60.70427,-156.1253,1,60.69685,-156.12911,,,,,,,1,60.69328,-156.11583,,,,
627,2019,2019216,3.93,f,Mosquito/MCH,5/13/19,5/15/19,8/8/19,2,87,1,,,1,,,1,60.6959,-156.10724,1,60.69815,-156.10676,,,,1,60.69788,-156.08956,,,,,,,
628,2019,2019217,2.34,f,Mosquito/MCH,5/13/19,5/15/19,6/27/19,2,45,1,,,1,,,1,60.62299,-156.18471,1,60.58537,-156.12959,,,,1,60.60443,-156.11371,1,60.6172,-156.02912,,,,
629,2019,2019218,2.36,f,Mosquito/MCH,5/13/19,5/15/19,1/8/20,2,240,1,,,1,,,1,60.70418,-156.17003,1,60.68612,-156.13568,,,,,,,1,60.63709,-156.13585,,,,
634,2019,2019223,3.43,m,Mosquito/MCH,5/13/19,5/15/19,5/15/19,2,2,1,,,1,,,1,60.64781,-156.2222,0,60.6755,-156.3961,,,,,,,,,,,,,BEAR
635,2019,2019224,3.59,m,Mosquito/MCH,5/13/19,5/15/19,5/17/19,2,4,1,,,1,,,1,60.64782,-156.24696,1,60.65937,-156.25478,,,,0,60.7816,-156.3589,,,,,,,PREDATOR
637,2019,2019226,3,m,Mosquito/MCH,5/15/19,5/17/19,5/17/19,2,2,1,,,1,,,1,60.67337,-155.6638,1,60.7716,-155.7867,0,,,,,,,,,,,,BEAR
639,2019,2019228,2.54,m,Mosquito/MCH,5/15/19,5/17/19,5/19/19,2,4,1,,,1,,,1,60.68767,-155.6795,1,60.68395,-155.70292,,,,,,,,,,,,,UNK FATE (5/31)
642,2019,2019231,0.96,m,Mosquito/MCH,5/17/19,5/19/19,6/12/19,2,26,1,,,1,,,1,60.56313,-156.08287,,,,,,,,,,,,,,,,
643,2019,2019232,3.46,m,Mosquito/MCH,5/17/19,5/19/19,5/19/19,2,2,1,,,1,,,1,60.60223,-156.09035,,,,,,,,,,,,,,,,UNK FATE (5/31)
647,2019,2019236,2.26,m,Mosquito/MCH,5/17/19,5/19/19,5/19/19,2,2,1,,,1,,,1,60.60022,-156.06942,,,,,,,,,,,,,,,,UNK FATE (5/31)
649,2019,2019238,2.15,m,Mosquito/MCH,5/17/19,5/19/19,6/27/19,2,41,1,,,1,,,1,60.59271,-156.03744,,,,,,,,,,,,,,,,UNK FATE (5/31)
650,2019,2019239,0.33,f,Mosquito/MCH,5/17/19,5/19/19,2/9/20,2,268,1,,,1,,,1,60.63933,-156.1531,,,,,,,,,,,,,,,,UNK FATE (5/31)
654,2020,2020102,3.74,m,Mosquito/MCH,5/14/20,5/16/20,7/29/20,2,76,1,,,1,,,1,60.47109,-156.3566,1,60.471,-156.36918,,,,,,,,,,,,,
656,2020,2020104,2.57,m,Mosquito/MCH,5/14/20,5/16/20,9/22/20,2,131,1,,,1,,,1,60.5742,-156.25045,1,60.58627,-156.29704,,,,,,,,,,,,,
657,2020,2020105,3.58,f,Mosquito/MCH,5/14/20,5/16/20,5/22/21,2,373,1,,,1,,,1,60.5723,-156.20885,1,60.556,-156.17928,,,,,,,,,,,,,
661,2020,2020109,3.93,m,Mosquito/MCH,5/14/20,5/16/20,5/16/20,2,2,1,,,1,,,1,60.58496,-156.04813,,60.59964,-155.97385,,,,,,,,,,,,,UNK FATE; SLIPPED COLLAR?
662,2020,2020110,2.14, unk ,Mosquito/MCH,5/14/20,5/16/20,9/22/20,2,131,1,,,1,,,1,60.6196,-155.9752,1,60.62531,-155.96569,,,,,,,,,,,,,
671,2020,2020119,3.22,m,Mosquito/MCH,5/14/20,5/16/20,5/22/21,2,373,1,,,1,,,1,60.54501,-156.02219,1,60.57602,-156.03805,,,,,,,,,,,,,
675,2020,2020123,2.06,m,Mosquito/MCH,5/18/20,5/20/20,5/20/20,2,2,1,,,1,,,1,60.65508,-155.81995,,,,,,,0,60.6414,-155.78309,,,,,,,EAGLE
677,2020,2020125,2.51,f,Mosquito/MCH,5/18/20,5/20/20,5/22/21,2,369,1,,,1,,,1,60.64387,-155.78997,,,,,,,1,60.64649,-155.79063,,,,,,,
679,2020,2020127,0.56,f,Mosquito/MCH,5/18/20,5/20/20,5/11/21,2,358,1,,,1,,,1,60.6022,-155.9278,,,,,,,1,60.62286,-155.98318,,,,,,,
680,2020,2020128,3,m,Mosquito/MCH,5/18/20,5/20/20,5/23/21,2,370,1,,,1,,,1,60.6579,-155.98832,,,,,,,1,60.57915,-156.03204,,,,,,,
681,2020,2020129,0.15,f,Mosquito/MCH,5/18/20,5/20/20,5/23/20,2,5,1,,,1,,,1,60.59972,-155.98542,,,,,,,,60.5711,-155.88885,,,,,,,
682,2020,2020130,2.32,f,Mosquito/MCH,5/18/20,5/20/20,5/20/20,2,2,1,,,1,,,1,60.59972,-155.98542,,,,,,,,60.59992,-155.98726,,,,,,,UNK FATE; SLIPPED COLLAR?
683,2020,2020131,0.92,m,Mosquito/MCH,5/18/20,5/20/20,7/29/20,2,72,1,,,1,,,1,60.57635,-156.02979,,,,,,,1,60.60578,-156.05875,,,,,,,
688,2020,2020136,3.6,f,Mosquito/MCH,5/18/20,5/20/20,10/5/20,2,140,1,,,1,,,1,60.55123,-155.96389,,,,,,,1,60.60475,-156.05556,,,,,,,
690,2020,2020138,3.49,f,Mosquito/MCH,5/18/20,5/20/20,5/22/21,2,369,1,,,1,,,1,60.57492,-155.88703,,,,,,,1,60.57265,-155.89233,,,,,,,
691,2020,2020139,3.54,f,Mosquito/MCH,5/18/20,5/20/20,5/23/20,2,5,1,,,1,,,1,60.62565,-155.80222,,,,,,,,60.57265,-155.8887,,,,,,,
692,2020,2020140,3.62,f,Mosquito/MCH,5/18/20,5/20/20,3/31/21,2,317,1,,,1,,,1,60.6681,-155.81137,,,,,,,1,60.67622,-155.9479,,,,,,,
693,2020,2020141,2.4,f,Mosquito/MCH,5/18/20,5/20/20,5/20/20,2,2,1,,,1,,,1,60.64077,-155.8964,,,,,,,0,60.6414,-155.7831,,,,,,,PREDATOR
696,2021,2021102,2.47,f,south,5/13/21,5/15/21,10/3/21,2,143,1,,,1,,,1,59.69818,-157.26917,1,59.68625,-157.25355,1,59.68544,-157.25536,1,59.69264,-157.2549,1,59.61749,-157.45527,,,,
697,2021,2021103,1.95,f,Mosquito/MCH,5/13/21,5/15/21,8/2/21,2,81,1,,,1,,,1,59.83304,-157.00871,1,59.87061,-157.00776,1,59.88109,-156.98774,1,59.88326,-156.98599,1,59.80317,-157.07785,,,,
700,2021,2021106,0.14,f,Mosquito/MCH,5/13/21,5/15/21,10/3/21,2,143,1,,,1,,,1,60.85055,-155.47839,1,60.86012,-155.49498,1,60.85422,-155.43309,1,60.84428,-155.50963,1,60.73332,-155.5324,,,,
702,2021,2021108,3.91,f,Tikchik,5/14/21,5/16/21,5/16/21,2,2,1,,,1,,,1,60.37082,-158.58023,,,,,,,,,,,,,,,,UNK FATE; COLLAR FAILURE?
703,2021,2021109,2.16,m,Tikchik,5/14/21,5/16/21,10/18/21,2,157,1,,,1,,,1,60.4087,-158.46065,,,,1,60.41517,-158.4494,,,,,,,,,,
704,2021,2021110,1.97,m,Tikchik,5/14/21,5/16/21,10/18/21,2,157,1,,,1,,,1,60.35389,-158.54355,1,60.34823,-158.48008,,,,,,,,,,,,,
708,2021,2021114,3.44,m,Mosquito/MCH,5/15/21,5/17/21,5/19/21,2,4,1,,,1,,,1,60.70843,-155.6812,1,60.71118,-155.6807,1,60.66116,-155.72363,,,,0,60.70646,-155.65942,,,,BEAR
710,2021,2021116,1.86,f,Mosquito/MCH,5/15/21,5/17/21,10/3/21,2,141,1,,,1,,,1,60.82338,-155.74028,1,60.8239,-155.7396,1,60.82466,-155.5714,,,,1,60.75819,-155.58801,,,,
715,2021,2021121,2.5,f,Tikchik,5/16/21,5/18/21,5/18/21,2,2,1,,,1,,,1,60.26135,-158.45828,,60.26778,-158.46956,,,,,,,,,,,,,UNK FATE; SLIPPED COLLAR?
719,2021,2021125,3.46,m,Mosquito/MCH,5/17/21,5/19/21,6/5/21,2,19,1,,,1,,,1,60.85932,-155.47518,,,,1,60.86067,-155.39702,1,60.87195,-155.42726,1,60.86929,-155.42623,,,,
725,2021,2021131,0.57,f,Mosquito/MCH,5/19/21,5/21/21,10/3/21,2,137,1,,,1,,,1,60.57725,-155.78249,1,60.57018,-155.77963,1,60.58135,-155.79921,,,,1,60.59946,-155.69377,,,,
733,2021,2021139,2.46,m,Tikchik,5/20/21,5/22/21,6/5/21,2,16,1,,,1,,,1,60.28201,-158.35786,,,,,,,,,,,,,,,,
737,2021,2021143,2.59,unk,Tikchik,5/20/21,5/22/21,10/18/21,2,151,1,,,1,,,1,60.40366,-158.33404,,,,,,,,,,,,,,,,
740,2021,2021146,3.52,f,Tikchik,5/20/21,5/22/21,5/22/21,2,2,1,,,1,,,1,60.33131,-158.32651,0,60.3419,-158.3053,,,,,,,,,,,,,BEAR
741,2021,2021147,3.4,m,Tikchik,5/20/21,5/22/21,6/30/21,2,41,1,,,1,,,1,60.2737,-158.4649,,,,,,,,,,,,,,,,
23,2011,2011043,1.96,f,Tundra,5/17/11,5/20/11,7/1/11,3,45,1,,,1,,,1,,,1,61.29083,-155.72217,,,,,,,,,,,,,
238,2013,2013131,0.801,m,Kemuk,5/17/13,5/20/13,5/31/13,3,14,1,,,1,,,1,,,1,59.5936,-157.22578,,,,,,,1,59.59135,-157.31508,,,,
239,2013,2013132,2.802,f,Kemuk,5/17/13,5/20/13,7/12/13,3,56,1,,,1,,,1,,,1,59.53116,-157.5802,1,59.53761,-157.57022,,,,,,,,,,
246,2013,2013139,2.93,f,Kemuk,5/19/13,5/22/13,10/23/13,3,157,1,,,1,,,1,,,1,59.82747,-157.55304,1,59.81028,-157.58823,,,,,,,,,,
248,2013,2013141,2.791,f,Kemuk,5/19/13,5/22/13,7/12/13,3,54,1,,,1,,,1,,,1,59.94722,-157.65022,,,,,,,,,,,,,
253,2013,2013146,3.39,m,Kemuk,5/20/13,5/23/13,7/12/13,3,53,1,,,1,,,1,,,1,59.61058,-157.66371,,,,,,,,,,,,,
255,2013,2013148,3.46,m,Kemuk,5/22/13,5/25/13,4/3/14,3,316,1,,,1,,,1,,,1,59.65475,-157.35201,,,,,,,,,,,,,
385,2014,2014240,0.68,m,Mulchatna,5/19/14,5/22/14,4/1/15,3,317,1,,,1,,,1,,,1,60.76924,-154.05486,1,60.75378,-154.05908,,,,,,,,,,
471,2018,2018105,3.21,m,UMulch,5/11/18,5/14/18,5/15/18,3,4,1,,,1,,,1,,,1,60.6069,-155.1482,0,60.63596,-155.23703,,,,,,,,,,BEAR
480,2018,2018114,3.42,m,UMulch,5/13/18,5/16/18,10/7/18,3,147,1,,,1,,,1,,,1,61.0895,-156.0186,,,,,,,,,,,,,
495,2018,2018129,2.41,m,UMulch,5/17/18,5/20/18,8/3/18,3,78,1,,,1,,,1,,,1,60.7378,-155.0367,1,60.73,-155.04,,,,,,,,,,
590,2019,2019140,2.49,m,Tikchik,5/15/19,5/18/19,5/18/19,3,3,1,,,1,,,1,,,1,60.11881,-158.49759,0,60.11137,-158.53437,,,,,,,,,,BEAR
602,2019,2019152,2.09,m,Tikchik,5/17/19,5/20/19,5/21/19,3,4,1,,,1,,,1,,,1,60.25308,-158.23684,,,,,,,,,,,,,PREDATOR (10/11)
603,2019,2019153,3.42,f,Tikchik,5/17/19,5/20/19,10/11/19,3,147,1,,,1,,,1,,,1,60.26451,-158.22492,,,,,,,,,,,,,
613,2019,2019202,0.16,m,Mosquito/MCH,5/10/19,5/13/19,8/8/19,3,90,1,,,1,,,1,,,1,60.66347,-155.97963,1,60.66578,-155.96932,,,,,,,,,,
630,2019,2019219,2.11,m,Mosquito/MCH,5/12/19,5/15/19,5/31/19,3,19,1,,,1,,,1,,,1,60.6692,-156.18093,1,60.67487,-156.22158,,,,1,60.67211,-156.27932,,,,
631,2019,2019220,2.23,m,Mosquito/MCH,5/12/19,5/15/19,5/14/20,3,368,1,,,1,,,1,,,1,60.63456,-156.16838,1,60.63063,-156.16954,,,,,,,1,60.63269,-156.04629,
632,2019,2019221,3.99,f,Mosquito/MCH,5/12/19,5/15/19,10/11/19,3,152,1,,,1,,,1,,,1,,,1,60.6313,-156.17293,,,,1,60.60711,-156.19881,,,,
638,2019,2019227,3.23,m,Mosquito/MCH,5/14/19,5/17/19,6/27/19,3,44,1,,,1,,,1,,,1,60.67532,-155.67873,1,60.66588,-155.66704,,,,,,,,,,
648,2019,2019237,2.37,m,Mosquito/MCH,5/16/19,5/19/19,10/11/19,3,148,1,,,1,,,1,,,1,60.59371,-156.03904,,,,,,,,,,,,,UNK FATE (5/31)
663,2020,2020111,1.85, unk ,Mosquito/MCH,5/13/20,5/16/20,5/11/21,3,363,1,,,1,,,1,,,1,60.63197,-155.94982,1,60.634,-155.95855,,,,,,,,,,
664,2020,2020112,2.58,f,Mosquito/MCH,5/13/20,5/16/20,5/17/20,3,4,1,,,1,,,1,,,1,60.64774,-155.89512,1,60.65352,-155.8987,,,,,,,0,60.6635,-155.8987,WOLF
673,2020,2020121,0.98,f,Mosquito/MCH,5/17/20,5/20/20,6/3/20,3,17,1,,,1,,,1,,,1,60.76033,-155.62684,,,,,,,1,60.76866,-155.56827,,,,
674,2020,2020122,2.38,m,Mosquito/MCH,5/17/20,5/20/20,5/23/20,3,6,1,,,1,,,1,,,1,60.68633,-155.82952,,,,,,,1,60.65889,-155.8266,,,,
684,2020,2020132,2.53,m,Mosquito/MCH,5/17/20,5/20/20,7/1/20,3,45,1,,,1,,,1,,,1,60.5703,-156.02904,,,,,,,1,60.57755,-156.03485,,,,
689,2020,2020137,1.49,m,Mosquito/MCH,5/17/20,5/20/20,7/29/20,3,73,1,,,1,,,1,,,1,60.57746,-155.8956,,,,,,,1,60.57383,-155.88664,,,,
707,2021,2021113,0.23,f,south,5/14/21,5/17/21,6/5/21,3,22,1,,,1,,,1,,,1,59.43893,-157.8278,1,59.43104,-157.82412,1,59.44622,-157.8775,,,,1,59.46874,-157.82082,
720,2021,2021126,3.55,f,Mosquito/MCH,5/16/21,5/19/21,10/3/21,3,140,1,,,1,,,1,,,1,60.86005,-155.58475,,,,1,60.83748,-155.56521,,,,1,60.79472,-155.8849,
721,2021,2021127,2.25,f,Mosquito/MCH,5/16/21,5/19/21,5/22/21,3,6,1,,,1,,,1,,,1,60.86459,-155.61168,,,,1,60.83488,-155.56438,1,60.73243,-155.87784,1,60.82649,-155.54729,
722,2021,2021128,2.34,f,Mosquito/MCH,5/16/21,5/19/21,10/3/21,3,140,1,,,1,,,1,,,1,60.94735,-155.72582,,,,1,60.94847,-155.76704,1,60.93986,-155.75235,1,60.85324,-155.63035,
726,2021,2021132,1.56,unk,Mosquito/MCH,5/18/21,5/21/21,10/3/21,3,138,1,,,1,,,1,,,1,60.75751,-155.74055,1,60.62035,-155.84506,1,60.62515,-155.90925,,,,1,60.6032,-155.66715,
728,2021,2021134,2.41,m,Mosquito/MCH,5/18/21,5/21/21,10/3/21,3,138,1,,,1,,,1,,,1,60.83069,-155.71142,1,60.83475,-155.70082,1,60.82927,-155.63781,,,,1,60.80853,-155.68446,
582,2019,2019132,2.59,f,Tikchik,5/12/19,5/16/19,5/17/19,4,5,1,,,1,,,1,,,1,60.25882,-158.49102,,,,,,,,,,,,,
600,2019,2019150,3.04,m,Tikchik,5/16/19,5/20/19,3/10/20,4,299,1,,,1,,,1,,,1,60.23652,-158.23871,,,,,,,,,,,,,
426,2017,2017137,2.27,unk,Tikchik,5/17/17,5/22/17,6/22/17,5,36,1,,,1,,,1,,,1,60.46083,-158.52571,,,,,,,,,,,,,
26,2011,2011046,1.04,m,Tundra,,5/20/11,5/20/11,,1,1,,,1,,,1,,,1,61.33083,-156.1845,1,,,0,61.33483,-156.15166,,,,,,,PREDATOR
30,2011,2011050,3.63,unk,Kemuk,,5/21/11,12/21/11,,-,1,,,1,,,1,,,1,59.1795,-158.1625,,,,,,,,,,,,,
52,2011,2011072,0.8,m,Kemuk,,5/22/11,4/2/12,,-,1,,,1,,,1,,,1,59.18717,-157.93433,,,,,,,,,,,,,
633,2019,2019222,0.92,m,Mosquito/MCH,,5/15/19,6/27/19,,,1,,,1,,,1,,,1,60.64367,-156.13893,1,60.63531,-156.16044,,,,,,,,,,
388,2014,2014243,1.801,unk,Mulchatna,,5/22/14,5/23/14,,1,1,,,1,,,1,,,1,60.74858,-153.99586,0,60.74921,-153.9948,,,,,,,,,,EAGLE; CAPTURE RELATED?
7000,2021,0802-2021,5.49,,,5/19/21,,,-1,3,1,60.615586,-154.89695,1,,,1,60.611006,-154.87649,1,60.611444,-154.879977,,,,,,,,,,,,,
7001,2022,1207-2022,5.68,,,5/18/22,,,-1,4,1,59.980166,-157.897868,1,59.974204,-157.882296,1,59.979899,-157.889862,1,,,1,59.970246,-157.91362,,,,,,,,,,
7002,2022,1402-2022,1.66,,,5/16/22,,,-1,3,1,60.162161,-158.270175,1,60.167308,-158.271341,1,60.172933,-158.280439,1,60.190985,-158.281274,,,,,,,,,,,,,
7003,2022,1403-2022,1.3,,,5/19/22,,,-1,3,1,60.056232,-157.922033,1,60.08659,-158.148925,,,,1,60.14356,-157.963702,,,,,,,,,,,,,
7004,2022,1411-2022,1.35,,,5/18/22,,,-1,4,1,59.876563,-157.628472,1,59.870039,-157.641387,1,59.857786,-157.663228,1,,,1,59.851456,-157.678186,,,,,,,,,,
7005,2022,1417-2022,1.53,,,5/19/22,,,-1,3,1,59.787359,-157.734015,1,59.78805,-157.731297,,,,1,59.786976,-157.727067,,,,,,,,,,,,,
7006,2022,1521-2022,1.79,,,5/15/22,,,-1,1,1,60.643759,-155.197336,1,60.645887,-155.202579,0,60.639168,-155.191264,0,60.681295,-155.163866,,,,,,,,,,,,,
7007,2022,1606-2022,1.1,,,5/18/22,,,-1,4,1,60.048162,-158.264981,,,,,,,,,,1,60.033289,-158.302133,,,,,,,,,,
7008,2021,1611-2021,0.37,,,5/22/21,,,-1,3,1,,,,,,,,,,,,,,,,,,,,,,,,
7009,2022,1611-2022,0.37,,,5/16/22,,,-1,3,1,60.177916,-158.259649,1,60.173003,-158.263814,1,60.157242,-158.26047,1,60.152008,-158.2797,,,,,,,,,,,,,
7010,2021,1613-2021,1.23,,,5/18/21,,,-1,3,1,60.34202,-158.665292,1,60.33756,-158.67888,,,,1,,,,,,,,,,,,,,,
7011,2022,1613-2022,1.23,,,5/20/22,,,-1,3,1,60.019942,-157.846457,,,,1,60.021702,-157.849419,1,60.026701,-157.841222,,,,,,,,,,,,,
7012,2022,1617-2022,4.72,,,5/16/22,,,-1,0,1,59.857141,-158.314632,0,59.861782,-158.313209,0,59.774606,-158.251665,,,,,,,,,,,,,,,,
7013,2021,1625-2021,1.87,,,5/22/21,,,-1,3,1,60.616959,-155.975842,1,60.63391,-155.995819,,,,1,60.61432,-155.808236,,,,,,,,,,,,,
7014,2022,1625-2022,1.87,,,5/20/22,,,-1,2,1,60.50567,-156.17268,,,,1,60.492655,-156.221361,0,60.520592,-156.241724,,,,,,,,,,,,,
7015,2022,1704-2022,1.57,,,5/17/22,,,-1,2,1,60.299688,-158.573452,1,60.290906,-158.559699,1,60.296673,-158.561287,0,60.292388,-158.560699,,,,,60.298055,-158.546578,,,,,,,
7016,2021,1705-2021,1.82,,,5/17/21,,,-1,3,1,60.315455,-158.440432,,,,1,60.31943,-158.469192,1,,,,,,,,,,,,,,,
7017,2022,1713-2022,1.691,,,5/19/22,,,-1,3,1,60.630027,-155.558147,1,60.628292,-155.563358,,,,1,60.627495,-155.560486,,,,,,,,,,,,,
7018,2022,1716-2022,2.61,,,5/19/22,,,-1,3,1,60.469845,-156.003866,1,60.454996,-156.033434,,,,1,60.459374,-156.030387,,,,,,,,,,,,,
7019,2021,1718-2021,0.671,,,5/13/21,,,-1,4,1,60.661848,-155.241196,,,,,,,,,,1,60.69543,-155.183775,,,,,,,,,,
7020,2021,1801-2021,0.87,,,5/18/21,,,-1,3,1,60.293032,-158.459617,,,,,,,,,,,,,,,,,,,,,,
7021,2021,1805-2021,3.091,,,5/17/21,,,-1,1,1,,,1,60.326202,-158.628603,0,60.317449,-158.613007,,,,,,,,,,,,,,,,
7022,2021,2001-2021,3.27,,,5/12/21,,,-1,4,1,,,1,59.453524,-157.880961,1,,,1,,,1,59.446237,-157.885078,,,,,,,,,,
7023,2021,2005-2021,5.66,,,5/16/21,,,-1,3,1,59.478501,-157.888663,1,59.476162,-157.884223,1,59.467346,-157.822567,1,59.465154,-157.800366,,,,,,,,,,,,,
7024,2022,2006-2022,3.37,,,5/17/22,,,-1,3,1,60.093536,-158.301432,1,60.08447897,-158.291585,,,,1,60.086774,-158.291559,,,,,,,,,,,,,
7025,2022,2011-2022,5.58,,,5/19/22,,,-1,1,1,60.652407,-155.168454,1,60.666505,-155.224801,,,,0,60.617603,-155.573768,0,60.591059,-155.770728,,,,,,,,,,
7026,2022,2012-2022,5.39,,,5/19/22,,,-1,3,1,60.593484,-155.757253,1,60.587841,-155.775792,,,,1,60.57885,-155.827162,,,,,,,,,,,,,
7027,2021,2013-2021,5.65,,,5/18/21,,,-1,0,1,60.717831,-155.592586,0,60.715771,-155.59868,0,,,0,60.705181,-155.546133,,,,,,,,,,,,,
7028,2022,2014-2022,5.47,,,5/19/22,,,-1,3,1,60.477377,-156.403236,1,60.478471,-156.396884,1,,,1,60.47993,-156.39609,,,,,,,,,,,,,
7029,2022,2016-2022,5.4,,,5/16/22,,,-1,3,1,60.64415,-155.290432,1,60.645197,-155.280678,1,60.64523,-155.27232,1,60.644253,-155.268361,,,,,,,,,,,,,
7030,2022,2017-2022,5.59,,,5/18/22,,,-1,4,1,60.083376,-157.977729,1,60.069458,-157.965908,1,60.070603,-157.971519,1,,,1,60.071955,-157.952887,,,,,,,,,,
7031,2022,2020-2022,5.63,,,5/20/22,,,-1,3,1,60.104985,-157.682795,1,,,1,60.098735,-157.719492,1,60.09315,-157.746148,,,,,,,,,,,,,
7032,2022,2021-2022,5.5,,,5/18/22,,,-1,4,1,59.825724,-157.700559,1,59.819462,-157.706134,1,59.819436,-157.70239,1,,,1,59.81015,-157.741637,,,,,,,,,,
7033,2021,2023-2021,5.42,,,5/17/21,,,-1,2,1,60.362022,-158.587447,1,60.362345,-158.582166,1,60.472067,-158.636421,,,,,,,,,,,,,,,,
7034,2022,2023-2022,5.42,,,5/18/22,,,-1,4,1,59.910709,-157.844448,1,59.909126,-157.858938,1,59.920304,-157.841839,1,,,1,59.925121,-157.844419,,,,,,,,,,
7035,2022,2025-2022,5.41,,,5/19/22,,,-1,0,1,59.762478,-157.739992,0,59.706392,-157.761793,0,,,0,59.660397,-157.956106,,,,,,,,,,,,,
7036,2022,2026-2022,5.73,,,5/18/22,,,-1,4,1,60.50972,-159.6535,1,60.516387,-159.62856,1,,,1,,,1,60.504499,-159.55393,,,,,,,,,,
7037,2021,2036-2021,0.66,,,5/16/21,,,-1,3,1,60.607131,-155.589325,1,60.606294,-155.585956,1,60.606359,-155.588402,1,60.605436,-155.591363,,,,,,,,,,,,,
7038,2022,2037-2022,3.25,,,5/19/22,,,-1,3,1,60.296403,-156.327362,1,60.297583,-156.321589,,,,1,60.298012,-156.326632,,,,,,,,,,,,,
7039,2021,2039-2021,2.62,,,5/17/21,,,-1,4,1,59.645849,-157.240815,1,59.645403,-157.243263,1,59.644218,-157.237853,1,,,1,59.648148,-157.235528,,,,,,,,,,
7040,2022,2109-2022,4.81,,,5/17/22,,,-1,2,1,60.660239,-155.250658,1,60.662211,-155.257627,1,60.668865,-155.257825,0,60.663215,-155.255774,,,,,,,,,,,,,
7041,2022,2110-2022,4.75,,,5/20/22,,,-1,0,1,60.644633,-155.28227,,,,0,60.662492,-155.274455,0,60.635954,-155.531308,,,,,,,,,,,,,
7042,2022,2111-2022,4.94,,,5/18/22,,,-1,2,1,60.016766,-157.192406,1,60.01932,-157.197384,1,60.022704,-157.204384,,,,0,60.020221,-157.197942,,60.020122,-157.197054,,,,,,,