BY,ANNUM,Sex,SexCode,Weight,CG,CGcode,CaptLat,CaptLong,Reunite,EstAgeAtCap,DOB,DOC,LastAct,MinDaysAlive FromBirth,MinDaysAlive FromCapture,Fate,FateCode,LastLat,LastLong,COD,Comments,,
2011,2011021,f,0,8.00,Kemuk,0,59.3453,-157.8860,yes,1,05/17/11,05/18/11,05/19/11,2,1,mort,1,59.3503,-157.8493,bear,,,
2011,2011022,f,0,7.50,Kemuk,0,59.4445,-157.6555,yes,1,05/17/11,05/18/11,10/19/11,155,154,unk,0,,,,,,
2011,2011023,m,1,7.00,Kemuk,0,59.4693,-157.6802,yes,1,05/17/11,05/18/11,09/28/11,134,133,unk,0,,,,,,
2011,2011024,f,0,7.50,Kemuk,0,59.4460,-157.7323,yes,1,05/17/11,05/18/11,06/16/11,30,29,unk,0,,,,,,
2011,2011025,f,0,9.50,Kemuk,0,59.5993,-157.6397,yes,2,05/16/11,05/18/11,09/28/11,135,133,unk,0,,,,,,
2011,2011026,m,1,,Kemuk,0,59.6617,-157.6427,yes,2,05/16/11,05/18/11,10/19/11,156,154,unk,0,,,,,,
2011,2011027,f,0,8.50,Kemuk,0,59.8307,-157.6160,yes,1,05/17/11,05/18/11,05/19/11,2,1,mort,1,59.8288,-157.6350,starvation,,,
2011,2011028,m,1,10.00,Kemuk,0,59.9197,-157.5312,yes,2,05/16/11,05/18/11,09/28/11,135,133,unk,0,,,,,,
2011,2011029,unk,2,,Kemuk,0,59.8965,-157.5445,yes,2,05/16/11,05/18/11,10/19/11,156,154,unk,0,,,,,,
2011,2011030,f,0,8.00,Kemuk,0,59.6928,-157.7775,no,1,05/17/11,05/18/11,10/19/11,155,154,unk,0,,,,looking that way,,
2011,2011031,f,0,9.00,Kemuk,0,59.3460,-157.9705,yes,1,05/18/11,05/19/11,04/02/12,320,319,unk,0,,,,,,
2011,2011032,f,0,8.50,Kemuk,0,59.4038,-157.9328,yes,1,05/18/11,05/19/11,10/18/11,153,152,unk,0,,,,,,
2011,2011033,f,0,7.50,Kemuk,0,59.4430,-157.9063,returning,1,05/18/11,05/19/11,07/01/11,44,43,unk,0,,,,*headed back toward calf,,
2011,2011034,m,1,8.75,Kemuk,0,59.5428,-157.7245,yes,1,05/18/11,05/19/11,05/20/11,2,1,mort,1,59.5453,-157.7140,unk pred,returning,,
2011,2011035,f,0,7.50,Kemuk,0,59.6293,-157.5533,searching,1,05/18/11,05/19/11,10/18/11,153,152,unk,0,,,,*looking towards calf 40 yds away,,
2011,2011036,unk,2,8.50,Kemuk,0,59.5847,-157.5418,yes,2,05/17/11,05/19/11,05/20/11,3,1,mort,1,59.5522,-157.5215,bear,searching,,
2011,2011037,f,0,8.00,Kemuk,0,59.5865,-157.2940,no,2,05/17/11,05/19/11,05/30/11,13,11,mort,1,59.6063,-157.3178,unk pred,,,
2011,2011038,f,0,7.00,Kemuk,0,60.0075,-157.6105,yes,1,05/18/11,05/19/11,05/25/12,373,372,unk,0,,,,,,
2011,2011039,f,0,8.00,Kemuk,0,59.8875,-157.4903,yes,1,05/18/11,05/19/11,09/28/11,133,132,unk,0,,,,,,
2011,2011040,m,1,9.00,Kemuk,0,59.8875,-157.4903,yes,2,05/17/11,05/19/11,07/01/11,45,43,unk,0,,,,,,
2011,2011041,m,1,7.50,Kemuk,0,59.4917,-157.8922,yes,1,05/18/11,05/19/11,09/28/11,133,132,unk,0,,,,,,
2011,2011042,m,1,8.00,Tundra,1,61.1643,-155.9025,yes,1,05/19/11,05/20/11,05/20/11,1,0,unk,0,61.1617,-155.9080,,slipped collar,,
2011,2011043,f,0,12.00,Tundra,1,61.2908,-155.7222,yes,3,05/17/11,05/20/11,07/01/11,45,42,unk,0,,,,,,
2011,2011044,m,1,7.00,Tundra,1,61.2825,-155.9207,yes,1,05/19/11,05/20/11,05/22/11,3,2,mort,1,61.2955,-155.9780,bear,,,
2011,2011045,f,0,7.00,Tundra,1,61.3242,-156.0338,yes,1,05/19/11,05/20/11,05/20/11,1,0,unk,0,61.3378,-156.0670,,,,
2011,2011046,m,1,7.00,Tundra,1,61.3308,-156.1845,no,1,05/19/11,05/20/11,05/20/11,1,0,unk,0,61.3348,-156.1517,,age not estimated/recorded at capture,,
2011,2011047,m,1,8.00,Tundra,1,61.2718,-156.3175,searching,1,05/19/11,05/20/11,05/20/11,1,0,mort,1,61.3100,-156.3270,wolf,*circling back and searching for calf as we left,,
2011,2011048,m,1,8.00,Tundra,1,61.1227,-156.6070,yes,1,05/19/11,05/20/11,05/22/11,3,2,mort,1,61.1437,-156.5047,bear,,,
2011,2011049,m,1,8.00,Kemuk,0,59.1710,-158.2087,unk,1,05/20/11,05/21/11,09/28/11,131,130,unk,0,,,,,,
2011,2011050,unk,2,6.00,Kemuk,0,59.1795,-158.1625,yes,1,05/20/11,05/21/11,12/21/11,215,214,unk,0,,,,heading that way; age not estiunkated at capture,,
2011,2011051,f,0,8.00,Kemuk,0,59.1747,-158.1572,yes,2,05/19/11,05/21/11,04/02/12,319,317,unk,0,,,,,,
2011,2011052,unk,2,7.50,Kemuk,0,59.1845,-158.0448,yes,1,05/20/11,05/21/11,10/18/11,151,150,unk,0,,,,,,
2011,2011053,unk,2,9.00,Kemuk,0,59.1908,-157.9575,yes,1,05/20/11,05/21/11,09/28/11,131,130,unk,0,,,,,,
2011,2011054,unk,2,6.50,Kemuk,0,59.2012,-157.9563,yes,1,05/20/11,05/21/11,10/18/11,151,150,unk,0,,,,,,
2011,2011055,f,0,10.50,Kemuk,0,59.2347,-157.7632,yes,2,05/19/11,05/21/11,05/22/11,3,1,mort,1,59.2322,-157.7303,unk pred,,,
2011,2011056,unk,2,8.00,Kemuk,0,59.5270,-157.5362,yes,1,05/20/11,05/21/11,05/21/11,1,0,mort,1,59.5245,-157.5445,unk pred,,,
2011,2011057,m,1,8.00,Kemuk,0,59.5665,-157.6423,yes,1,05/20/11,05/21/11,05/21/11,1,0,unk,0,,,,,,
2011,2011058,f,0,8.00,Kemuk,0,59.5548,-157.7768,yes,2,05/19/11,05/21/11,10/18/11,152,150,unk,0,,,,,,
2011,2011059,unk,2,,Kemuk,0,59.5805,-157.7392,yes,1,05/20/11,05/21/11,10/18/11,151,150,unk,0,,,,,,
2011,2011060,m,1,9.25,Kemuk,0,59.6313,-157.7127,returning,2,05/19/11,05/21/11,10/18/11,152,150,unk,0,,,,heading back toward calf 100yds,,
2011,2011061,f,0,6.00,Kemuk,0,59.5682,-157.7002,returning,1,05/20/11,05/21/11,05/21/11,1,0,mort,1,59.5877,-157.6960,bear,heading that way,,
2011,2011062,f,0,8.00,Kemuk,0,59.4898,-157.7127,returning,1,05/20/11,05/21/11,05/24/11,4,3,mort,1,59.5083,-157.7553,unk cause,heading that way,,
2011,2011063,f,0,8.00,Kemuk,0,59.1718,-158.1923,yes,1,05/20/11,05/21/11,06/02/11,13,12,unk,0,,,,,,
2011,2011064,f,0,8.75,Kemuk,0,59.1748,-158.2363,yes,1,05/21/11,05/22/11,07/12/11,52,51,unk,0,,,,,,
2011,2011065,unk,2,8.00,Kemuk,0,59.1765,-158.2212,yes,1,05/21/11,05/22/11,10/18/11,150,149,unk,0,,,,,,
2011,2011066,m,1,7.50,Kemuk,0,59.1750,-158.1230,returning,1,05/21/11,05/22/11,05/23/11,2,1,mort,1,59.1498,-158.0978,drowned,heading that way,,
2011,2011067,m,1,7.00,Kemuk,0,59.1562,-158.1187,yes,1,05/21/11,05/22/11,07/01/11,41,40,unk,0,,,,,,
2011,2011068,unk,2,8.75,Kemuk,0,59.1467,-158.1728,yes,1,05/21/11,05/22/11,10/18/11,150,149,unk,0,,,,,,
2011,2011069,f,0,7.50,Kemuk,0,59.1642,-158.1138,yes,1,05/21/11,05/22/11,06/16/11,26,25,mort,1,,,wolf,,,
2011,2011070,f,0,7.50,Kemuk,0,59.1752,-157.9962,yes,1,05/21/11,05/22/11,12/21/11,214,213,unk,0,,,,,,
2011,2011071,f,0,8.00,Kemuk,0,59.1845,-157.9540,yes,0,05/22/11,05/22/11,08/07/11,77,77,unk,0,,,,,,
2011,2011072,m,1,7.00,Kemuk,0,59.1872,-157.9343,returning,1,05/21/11,05/22/11,04/02/12,317,316,unk,0,,,,heading that way; age not estimated at capture,,
2011,2011073,m,1,10.00,Kemuk,0,59.2035,-157.8490,yes,2,05/20/11,05/22/11,05/23/11,3,1,capture mort,2,,,starvation,capture related,,
2011,2011074,f,0,8.25,Kemuk,0,59.2035,-157.8490,returning,2,05/20/11,05/22/11,08/07/11,79,77,mort,1,59.2063,-157.8575,unk pred,heading that way,,
2011,2011075,f,0,6.50,Kemuk,0,59.4837,-157.8503,yes,1,05/21/11,05/22/11,05/28/11,7,6,mort,1,59.4903,-157.8612,bear,,,
2011,2011076,m,1,7.50,Kemuk,0,59.4920,-157.8315,yes,1,05/21/11,05/22/11,10/18/11,150,149,unk,0,59.4903,-157.8612,,,,
2011,2011077,m,1,8.75,Kemuk,0,59.5990,-157.4942,yes,1,05/21/11,05/22/11,05/26/11,5,4,mort,1,59.5857,-157.8873,wolf,,,
2011,2011078,m,1,9.00,Kemuk,0,59.5720,-157.7632,yes,1,05/21/11,05/22/11,06/16/11,26,25,unk,0,59.5857,-157.8873,,,,
2011,2011079,f,0,9.25,Kemuk,0,59.5590,-157.7613,returning,1,05/21/11,05/22/11,12/13/11,206,205,unk,0,,,,heading back to calf,,
2011,2011080,f,0,6.50,Kemuk,0,59.8785,-157.8007,yes,1,05/21/11,05/22/11,10/18/11,150,149,unk,0,,,,,,
2011,2011081,f,0,9.25,Kemuk,0,59.5237,-157.8172,yes,1,05/21/11,05/22/11,05/26/11,5,4,mort,1,59.3303,-157.9715,bear,,,
2011,2011082,f,0,8.25,Kemuk,0,59.4008,-157.9662,unk,1,05/21/11,05/22/11,08/07/11,78,77,mort,1,59.3303,-157.9715,unk pred,,,
2011,2011083,m,1,,Kemuk,0,59.4047,-157.9243,yes,1,05/21/11,05/22/11,08/07/11,78,77,unk,0,,,,,,
2011,2011084,m,1,7.50,Kemuk,0,59.2332,-158.0462,returning,2,05/20/11,05/22/11,12/13/11,207,205,unk,0,,,,heading back to calf,,
2011,2011085,f,0,10.50,Kemuk,0,59.5095,-157.7020,unk,1,05/22/11,05/23/11,12/13/11,205,204,unk,0,,,,,,
2011,2011086,m,1,9.25,Kemuk,0,59.4152,-157.7542,yes,2,05/21/11,05/23/11,08/07/11,78,76,unk,0,,,,,,
2011,2011087,m,1,7.50,Kemuk,0,59.2415,-158.0428,yes,1,05/22/11,05/23/11,01/18/12,241,240,unk,0,,,,,,
2011,2011088,m,1,7.50,Kemuk,0,59.2140,-157.9563,yes,1,05/22/11,05/23/11,07/12/11,51,50,unk,0,,,,,,
2011,2011089,f,0,7.75,Kemuk,0,59.2042,-157.9347,returning,1,05/22/11,05/23/11,05/25/11,3,2,capture mort,2,,,starvation,capture related; heading back to calf,,
2011,2011090,m,1,6.50,Kemuk,0,59.2223,-157.9437,no,1,05/22/11,05/23/11,05/24/11,2,1,capture mort,2,,,unk pred,capture related,,
2011,2011091,f,0,7.50,Kemuk,0,59.2042,-157.9347,unk,1,05/22/11,05/23/11,07/01/11,40,39,unk,0,59.2153,-157.9323,,,,
2011,2011092,m,1,8.25,Kemuk,0,59.5897,-157.7503,yes,1,05/23/11,05/24/11,10/18/11,148,147,unk,0,59.5138,-157.8370,,,,
2011,2011093,m,1,8.00,Kemuk,0,59.6145,-157.7227,unk,1,05/23/11,05/24/11,05/25/11,2,1,capture mort,2,,,wolf,capture related,,
2011,2011094,m,1,7.50,Kemuk,0,59.6728,-157.6365,returning,1,05/23/11,05/24/11,05/25/11,2,1,mort,1,59.4707,-157.7478,wolf,heading back to calf,,
2011,2011095,m,1,9.25,Kemuk,0,59.6565,-157.6803,yes,2,05/22/11,05/24/11,06/02/11,11,9,mort,1,59.2393,-158.1967,wolf,,,
2011,2011096,f,0,6.75,Kemuk,0,59.6145,-157.7227,yes,1,05/23/11,05/24/11,07/12/11,50,49,unk,0,59.6265,-157.6740,,,,
2011,2011097,m,1,6.75,Kemuk,0,59.4970,-157.7792,yes,1,05/23/11,05/24/11,06/09/11,17,16,mort,1,59.4707,-157.7478,bear,,,
2011,2011098,m,1,7.00,Kemuk,0,59.1323,-158.2157,yes,2,05/23/11,05/25/11,05/25/11,2,0,mort,1,59.2393,-158.1967,wolf,,,
2011,2011099,f,0,8.00,Kemuk,0,59.4770,-157.8997,yes,1,05/24/11,05/25/11,05/30/11,6,5,mort,1,59.2430,-158.2025,bear,,,
2011,2011100,unk,2,8.00,Kemuk,0,59.2098,-158.1297,yes,1,05/24/11,05/25/11,07/12/11,49,48,mort,1,59.2413,-158.1862,unk cause,,,
2011,2011101,m,1,,Kemuk,0,59.1423,-158.2368,yes,1,05/24/11,05/25/11,06/12/11,19,18,mort,1,59.1525,-158.2203,bear,,,
2011,2011102,f,0,6.00,Kemuk,0,59.1185,-158.2597,yes,1,05/25/11,05/26/11,07/12/11,48,47,unk,0,59.2430,-158.2025,,,,
2011,2011103,f,0,9.00,Kemuk,0,59.6460,-157.6207,unk,1,05/25/11,05/26/11,08/07/11,74,73,unk,0,,,,,,
2011,2011104,f,0,7.00,Kemuk,0,59.5742,-157.6947,unk,1,05/25/11,05/26/11,09/28/11,126,125,unk,0,,,,,,
2011,2011105,f,0,8.75,Kemuk,0,59.6430,-157.8663,yes,1,05/27/11,05/28/11,06/05/11,9,8,mort,1,59.6565,-157.9857,bear,,,
2011,2011106,f,0,,Kemuk,0,59.4405,-157.8750,yes,1,05/27/11,05/28/11,08/07/11,72,71,unk,0,,,,,,
2011,2011107,m,1,7.50,Kemuk,0,59.0990,-158.3792,yes,1,05/28/11,05/29/11,08/07/11,71,70,mort,1,,,wolf,,,
2011,2011108,m,1,9.00,Kemuk,0,59.0957,-158.3727,yes,1,05/28/11,05/29/11,04/02/12,310,309,unk,0,,,,,,
2012,2012100,f,0,7.50,Kemuk,0,59.3534,-157.8023,,1,05/18/12,05/19/12,07/07/12,50,49,unk,0,,,,,,
2012,2012101,m,1,7.25,Kemuk,0,59.3465,-157.8472,,0,05/19/12,05/19/12,07/07/12,49,49,unk,0,59.3335,-157.7673,,,,
2012,2012102,m,1,7.50,Kemuk,0,59.5386,-157.7061,,1,05/18/12,05/19/12,07/07/12,50,49,mort,1,,,,,,
2012,2012103,m,1,8.25,Kemuk,0,59.4960,-157.7016,,2,05/17/12,05/19/12,07/07/12,51,49,unk,0,,,,,,
2012,2012104,m,1,6.50,Kemuk,0,59.6605,-157.3973,,1,05/18/12,05/19/12,04/02/13,319,318,unk,0,,,,,,
2012,2012105,m,1,7.50,Kemuk,0,59.6500,-157.4181,,1,05/18/12,05/19/12,07/07/12,50,49,mort,1,,,,,,
2012,2012106,m,1,9.20,Kemuk,0,59.6237,-157.4569,,2,05/17/12,05/19/12,10/18/12,154,152,unk,0,60.4338,-161.3237,,,,
2012,2012107,f,0,7.50,Kemuk,0,59.6024,-157.4517,,1,05/18/12,05/19/12,06/29/12,42,41,unk,0,,,,,,
2012,2012108,f,0,8.20,Kemuk,0,59.5919,-157.5099,,0,05/19/12,05/19/12,05/20/12,1,1,capture mort,2,59.5849,-157.4905,starvation,capture related; no telemetry sheet for day after capture,,
2012,2012109,f,0,9.20,Kemuk,0,59.6022,-157.5120,,1,05/18/12,05/19/12,10/06/12,141,140,mort,1,,,,,,
2012,2012110,m,1,8.20,Kemuk,0,59.6098,-157.5198,,1,05/18/12,05/19/12,07/07/12,50,49,unk,0,,,,,,
2012,2012111,f,0,7.00,Kemuk,0,59.6171,-157.4995,,2,05/17/12,05/19/12,06/08/12,22,20,mort,1,,,,,,
2012,2012112,f,0,8.20,Kemuk,0,59.9720,-157.5470,,0,05/19/12,05/19/12,07/07/12,49,49,mort,1,,,,,,
2012,2012113,f,0,6.20,Kemuk,0,59.9769,-157.5884,,0,05/19/12,05/19/12,06/08/12,20,20,unk,0,,,,,,
2012,2012114,f,0,7.20,Kemuk,0,59.9583,-157.5103,,1,05/18/12,05/19/12,05/21/12,3,2,mort,1,59.9696,-157.5156,drowned,,,
2012,2012115,f,0,5.80,Kemuk,0,59.6316,-157.3269,,0,05/19/12,05/19/12,07/19/12,61,61,unk,0,59.7387,-157.7673,,,,
2012,2012116,m,1,,Kemuk,0,59.6110,-157.3258,,0,05/19/12,05/19/12,05/19/12,0,0,capture mort,2,,,unk cause,capture related; cow hesitant to reunite,,
2012,2012117,f,0,9.30,Kemuk,0,59.3783,-157.9047,,1,05/19/12,05/20/12,07/19/12,61,60,mort,1,,,,,,
2012,2012118,m,1,,Kemuk,0,59.4194,-157.8985,,1,05/19/12,05/20/12,07/07/12,49,48,unk,0,,,,,,
2012,2012119,f,0,9.00,Kemuk,0,59.4481,-157.8643,,1,05/19/12,05/20/12,07/07/12,49,48,unk,0,60.1406,-159.7567,,,,
2012,2012120,f,0,12.00,Kemuk,0,59.4436,-157.8787,,1,05/19/12,05/20/12,07/07/12,49,48,mort,1,,,,,,
2012,2012121,m,1,8.00,Kemuk,0,59.4369,-157.8513,,1,05/19/12,05/20/12,05/21/12,2,1,mort,1,59.4366,-157.8610,abandoned,vet necropsy: dehydration/shock; observed with mom day after capture,,
2012,2012122,f,0,7.80,Kemuk,0,59.4359,-157.8374,,1,05/19/12,05/20/12,10/06/12,140,139,unk,0,60.4360,-161.0312,,,,
2012,2012123,f,0,8.80,Kemuk,0,59.4115,-157.8442,,1,05/19/12,05/20/12,07/07/12,49,48,mort,1,,,,,,
2012,2012124,f,0,8.50,Kemuk,0,59.9275,-157.6409,,0,05/20/12,05/20/12,05/21/12,1,1,mort,1,59.9220,-157.6335,trauma,skull fracture; stomped or stepped on. observed in group day after capture,,
2012,2012125,f,0,8.50,Kemuk,0,59.9371,-157.6402,,1,05/19/12,05/20/12,10/12/12,146,145,unk,0,,,,,,
2012,2012126,f,0,6.50,Kemuk,0,59.9343,-157.6202,,0,05/20/12,05/20/12,05/27/12,7,7,mort,1,60.0731,-157.6145,brown bear,,,
2012,2012127,f,0,6.50,Kemuk,0,60.0952,-157.8863,,2,05/18/12,05/20/12,07/07/12,50,48,unk,0,,,,,,
2012,2012128,f,0,6.60,Kemuk,0,60.0886,-157.7182,,0,05/20/12,05/20/12,06/29/12,40,40,mort,1,,,,,,
2012,2012129,f,0,6.80,Kemuk,0,60.0095,-157.6306,,1,05/19/12,05/20/12,07/07/12,49,48,mort,1,,,,,,
2012,2012130,f,0,7.20,Kemuk,0,59.9605,-157.4435,,0,05/20/12,05/20/12,10/12/12,145,145,unk,0,,,,,,
2012,2012131,m,1,7.00,Kemuk,0,59.9026,-157.3775,,1,05/19/12,05/20/12,07/07/12,49,48,mort,1,,,,,,
2012,2012132,m,1,,Kemuk,0,59.4578,-157.7300,,1,05/20/12,05/21/12,06/08/12,19,18,unk,0,,,,,,
2012,2012133,m,1,,Kemuk,0,59.4853,-157.5956,,1,05/20/12,05/21/12,06/08/12,19,18,unk,0,,,,,,
2012,2012134,f,0,7.40,Kemuk,0,59.5776,-157.4967,,1,05/20/12,05/21/12,06/08/12,19,18,unk,0,,,,,,
2012,2012135,f,0,9.20,Kemuk,0,59.5520,-157.4626,,0,05/21/12,05/21/12,07/19/12,59,59,unk,0,,,,,,
2012,2012136,f,0,,Kemuk,0,59.5440,-157.4602,,0,05/21/12,05/21/12,10/20/12,152,152,unk,0,60.6416,-161.2957,,,,
2012,2012137,m,1,9.25,Kemuk,0,59.5679,-157.4756,,1,05/20/12,05/21/12,07/07/12,48,47,unk,0,,,,,,
2012,2012138,m,1,8.50,Kemuk,0,59.5516,-157.4547,,0,05/21/12,05/21/12,06/08/12,18,18,unk,0,,,,,,
2012,2012139,f,0,7.25,Kemuk,0,59.5884,-157.4851,,1,05/20/12,05/21/12,07/01/12,42,41,unk,0,,,,,,
2012,2012140,m,1,9.40,Kemuk,0,59.8556,-157.3777,,1,05/20/12,05/21/12,06/08/12,19,18,unk,0,,,,,,
2012,2012141,unk,2,7.20,Kemuk,0,59.8519,-157.3460,,1,05/20/12,05/21/12,07/19/12,60,59,unk,0,,,,,,
2012,2012142,m,1,7.20,Kemuk,0,59.8577,-157.3402,,0,05/21/12,05/21/12,10/12/12,144,144,unk,0,60.3057,-160.7348,,,,
2012,2012143,unk,2,,Kemuk,0,59.9372,-157.1810,,0,05/21/12,05/21/12,05/28/12,7,7,mort,1,,,,,,
2012,2012144,m,1,9.20,Kemuk,0,59.8959,-157.1234,,1,05/20/12,05/21/12,06/08/12,19,18,unk,0,,,,,,
2012,2012145,m,1,8.00,Kemuk,0,59.8932,-157.1307,,0,05/21/12,05/21/12,07/19/12,59,59,unk,0,60.4783,-160.8233,,,,
2012,2012146,unk,2,6.00,Kemuk,0,59.8924,-157.1115,,0,05/21/12,05/21/12,10/12/12,144,144,unk,0,,,,,,
2012,2012147,m,1,7.40,Kemuk,0,59.8883,-157.1771,,0,05/21/12,05/21/12,10/20/12,152,152,unk,0,,,,,,
2012,2012148,m,1,,Kemuk,0,59.1629,-158.3982,,2,05/20/12,05/22/12,06/08/12,19,17,unk,0,,,,,,
2012,2012149,f,0,9.00,Kemuk,0,59.8782,-156.9279,,2,05/21/12,05/23/12,07/07/12,47,45,unk,0,,,,,,
2012,2012150,f,0,10.75,Kemuk,0,59.8510,-156.9178,,2,05/21/12,05/23/12,06/08/12,18,16,unk,0,,,,,,
2012,2012151,f,0,9.75,Kemuk,0,59.4457,-157.8784,,2,05/22/12,05/24/12,06/29/12,38,36,unk,0,,,,,,
2012,2012200,m,1,8.50,Tundra,1,61.1871,-155.7223,unk,1,05/16/12,05/17/12,10/11/12,148,147,unk,0,59.1667,-157.1667,,,,
2012,2012201,m,1,,Tundra,1,61.2034,-155.7505,yes,1,05/16/12,05/17/12,07/06/12,51,50,unk,0,,,,,,
2012,2012202,f,0,7.75,Tundra,1,61.2122,-155.7530,yes,1,05/16/12,05/17/12,05/17/12,1,0,unk,0,59.8333,-157.0000,,left magnet on,,
2012,2012203,f,0,10.50,Tundra,1,61.2619,-155.7351,unk,1,05/16/12,05/17/12,05/21/12,5,4,mort,1,61.2619,-155.7351,black bear,mom w/in 25 yds but reluctant ro go get,,
2012,2012204,f,0,7.25,Tundra,1,61.2390,-155.8654,returning,1,05/16/12,05/17/12,07/06/12,51,50,mort,1,,,unk pred,,,
2012,2012205,f,0,9.25,Tundra,1,61.2525,-155.9020,yes,1,05/16/12,05/17/12,05/17/12,1,0,mort,1,61.2437,-155.9421,drowned,1.5 miles from capture site,,
2012,2012206,unk,2,7.50,Tundra,1,61.3578,-155.9592,searching,0,05/17/12,05/17/12,07/06/12,50,50,mort,1,,,,,,
2012,2012207,m,1,10.25,Tundra,1,61.3746,-155.9781,yes,2,05/15/12,05/17/12,10/11/12,149,147,unk,0,,,,,,
2012,2012208,f,0,8.50,Tundra,1,61.3436,-155.9550,yes,0,05/17/12,05/17/12,05/17/12,0,0,mort,1,61.3436,-155.9550,drowned,,,
2012,2012209,f,0,7.25,Tundra,1,61.2585,-155.7676,yes,0,05/17/12,05/17/12,07/06/12,50,50,unk,0,59.6323,-156.4899,,,,
2012,2012210,f,0,7.50,Tundra,1,61.1813,-155.7405,yes,0,05/17/12,05/17/12,10/05/12,141,141,mort,1,,,,,,
2012,2012211,f,0,9.00,Tundra,1,61.1993,-155.7203,yes,0,05/17/12,05/17/12,05/21/12,4,4,mort,1,61.1993,-155.7203,unk pred,,,
2012,2012212,m,1,7.50,Tundra,1,61.1996,-155.7496,yes,0,05/17/12,05/17/12,10/11/12,147,147,unk,0,60.1167,-156.2500,,,,
2012,2012213,m,1,8.00,Tundra,1,61.2109,-155.7600,unk,0,05/17/12,05/17/12,07/06/12,50,50,unk,0,60.0833,-156.4167,,likely returned,,
2012,2012214,m,1,8.50,Tundra,1,61.1604,-155.7585,unk,0,05/17/12,05/17/12,06/14/12,28,28,mort,1,60.4187,-155.0583,brown bear,,,
2012,2012215,f,0,8.50,Tundra,1,61.1637,-155.7536,returning,0,05/17/12,05/17/12,05/20/12,3,3,mort,1,61.1770,-155.7463,brown bear,,,
2012,2012216,m,1,9.00,Tundra,1,61.1220,-155.7563,yes,1,05/16/12,05/17/12,10/11/12,148,147,unk,0,60.7207,-156.2153,,,,
2012,2012217,m,1,8.50,Tundra,1,61.1398,-155.7417,returning,1,05/16/12,05/17/12,10/11/12,148,147,unk,0,,,,,,
2012,2012218,f,0,6.50,Tundra,1,61.1198,-155.7172,searching,0,05/17/12,05/17/12,07/06/12,50,50,mort,1,,,unk pred,,,
2012,2012219,m,1,8.50,Tundra,1,61.1427,-155.7111,yes,0,05/18/12,05/18/12,07/06/12,49,49,mort,1,,,unk pred,,,
2012,2012220,f,0,8.00,Tundra,1,61.2163,-155.8086,yes,1,05/17/12,05/18/12,05/19/12,2,1,mort,1,61.2163,-155.8086,brown bear,,,
2012,2012221,f,0,8.00,Tundra,1,61.1524,-155.7160,no,1,05/17/12,05/18/12,05/26/12,9,8,mort,1,61.1108,-155.6975,brown bear,,,
2012,2012222,m,1,7.50,Tundra,1,61.1622,-155.7457,yes,0,05/18/12,05/18/12,05/18/12,0,0,mort,1,61.1622,-155.7457,drowned,,,
2012,2012223,f,0,7.50,Tundra,1,61.1622,-155.7457,yes,0,05/18/12,05/18/12,07/06/12,49,49,unk,0,,,,,,
2012,2012224,m,1,8.50,Tundra,1,61.3280,-155.9204,yes,1,05/17/12,05/18/12,05/23/12,6,5,mort,1,61.2675,-155.7430,wolf,,,
2012,2012225,f,0,8.00,Tundra,1,61.4034,-155.8884,yes,0,05/18/12,05/18/12,05/18/12,0,0,mort,1,61.3973,-155.8900,eagle,,,
2012,2012226,f,0,8.25,Tundra,1,61.2669,-155.7866,yes,1,05/17/12,05/18/12,06/14/12,28,27,unk,0,60.5677,-154.4249,,,,
2012,2012227,m,1,9.00,Tundra,1,61.1982,-155.7538,yes,1,05/17/12,05/18/12,09/30/12,136,135,unk,0,60.2943,-157.6110,,,,
2012,2012228,m,1,7.00,Tundra,1,61.2027,-155.7528,yes,0,05/18/12,05/18/12,05/20/12,2,2,mort,1,61.2187,-155.7240,drowned,,,
2012,2012229,m,1,10.00,Tundra,1,61.1420,-156.0200,yes,1,05/17/12,05/18/12,10/11/12,147,146,unk,0,60.0708,-156.2252,,,,
2012,2012230,m,1,8.00,Tundra,1,61.2100,-155.9871,unk,1,05/17/12,05/18/12,05/22/12,5,4,mort,1,61.1037,-155.9440,brown bear,,,
2012,2012231,m,1,9.50,Tundra,1,61.2117,-155.7640,yes,1,05/17/12,05/18/12,10/11/12,147,146,unk,0,,,,,,
2012,2012232,m,1,8.75,Tundra,1,61.2709,-155.7696,yes,0,05/18/12,05/18/12,05/23/12,5,5,mort,1,61.2810,-155.7892,brown bear,,,
2012,2012233,f,0,8.25,Tundra,1,61.3103,-155.7781,yes,1,05/17/12,05/18/12,05/18/12,1,0,mort,1,61.3103,-155.7781,brown bear,,,
2012,2012234,unk,2,7.50,Tundra,1,61.2122,-156.0076,yes,1,05/17/12,05/18/12,10/11/12,147,146,unk,0,59.7500,-156.8333,,,,
2012,2012235,f,0,8.00,Tundra,1,61.2019,-156.0095,unk,0,05/18/12,05/18/12,05/18/12,0,0,mort,1,61.2019,-156.0095,brown bear,,,
2012,2012236,m,1,,Tundra,1,61.1636,-155.9317,no,1,05/17/12,05/18/12,06/14/12,28,27,unk,0,,,,,,
2012,2012237,m,1,7.00,Tundra,1,61.1813,-155.7405,returning,0,05/19/12,05/19/12,05/30/12,11,11,mort,1,60.9899,-155.5266,brown bear,,,
2012,2012238,m,1,8.00,Tundra,1,61.2525,-155.9020,unk,1,05/18/12,05/19/12,05/19/12,1,0,mort,1,61.2525,-155.9020,brown bear,,,
2012,2012239,f,0,6.75,Tundra,1,61.3987,-155.9400,yes,1,05/18/12,05/19/12,10/11/12,146,145,unk,0,59.6167,-156.8333,,,,
2012,2012240,m,1,7.00,Tundra,1,61.3532,-156.1718,unk,1,05/18/12,05/19/12,05/27/12,9,8,mort,1,61.3045,-156.0805,drowned,,,
2012,2012241,m,1,9.00,Tundra,1,61.3526,-156.1920,yes,1,05/18/12,05/19/12,05/20/12,2,1,mort,1,61.3526,-156.1920,black bear,,,
2012,2012242,m,1,11.00,Tundra,1,61.2895,-156.3353,yes,2,05/17/12,05/19/12,10/11/12,147,145,unk,0,,,,,,
2012,2012243,m,1,11.25,Tundra,1,61.2521,-156.3475,yes,1,05/18/12,05/19/12,05/21/12,3,2,mort,1,61.2521,-156.3475,black bear,,,
2012,2012244,f,0,,Tundra,1,61.1566,-156.2231,yes,1,05/18/12,05/19/12,05/22/12,4,3,mort,1,61.1673,-156.3158,brown bear,,,
2012,2012245,f,0,8.25,Tundra,1,60.9580,-155.7370,unk,1,05/18/12,05/19/12,05/20/12,2,1,mort,1,60.9588,-155.7702,unk pred,,,
2012,2012246,m,1,10.00,Tundra,1,60.8431,-155.7779,yes,1,05/18/12,05/19/12,05/22/12,4,3,mort,1,60.8452,-155.7925,brown bear,,,
2012,2012247,f,0,10.25,Tundra,1,61.0512,-155.7852,yes,1,05/18/12,05/19/12,05/27/12,9,8,mort,1,61.3056,-156.3161,brown bear,,,
2012,2012248,f,0,8.50,Tundra,1,61.1410,-155.8615,unk,1,05/18/12,05/19/12,05/25/12,7,6,mort,1,61.1533,-155.7790,brown bear,,,
2012,2012249,f,0,8.75,Tundra,1,61.1277,-155.8628,yes,0,05/19/12,05/19/12,07/06/12,48,48,mort,1,,,,,,
2012,2012250,m,1,9.25,Tundra,1,61.3270,-156.1123,yes,1,05/19/12,05/20/12,05/21/12,2,1,mort,1,61.3270,-156.1123,trauma,sepsis/dehydration from frx mandible & ribs,,
2012,2012251,f,0,9.00,Tundra,1,61.3268,-156.1412,unk,0,05/20/12,05/20/12,05/21/12,1,1,mort,1,61.3268,-156.1412,brown bear,,,
2012,2012252,f,0,9.50,Tundra,1,61.1928,-155.8970,yes,1,05/19/12,05/20/12,07/06/12,48,47,unk,0,,,,,,
2012,2012253,f,0,11.50,Tundra,1,61.1966,-155.7759,returning,1,05/20/12,05/21/12,05/21/12,1,0,mort,1,61.1868,-155.7987,brown bear,,,
2012,2012254,f,0,7.75,Tundra,1,61.2098,-156.2169,returning,0,05/21/12,05/21/12,05/23/12,2,2,mort,1,61.1877,-156.1830,brown bear,,,
2012,2012255,f,0,7.50,Tundra,1,61.3400,-156.1442,yes,1,05/20/12,05/21/12,05/23/12,3,2,mort,1,61.3065,-156.1397,wolf,,,
2012,2012256,f,0,8.00,Tundra,1,61.1498,-155.7002,yes,1,05/21/12,05/22/12,07/06/12,46,45,mort,1,,,unk pred,,,
2012,2012257,unk,2,9.00,Tundra,1,61.0800,-155.7448,yes,1,05/21/12,05/22/12,05/24/12,3,2,mort,1,61.0560,-155.7203,brown bear,,,
2012,2012258,f,0,7.50,Tundra,1,61.1420,-155.7797,yes,0,05/22/12,05/22/12,05/27/12,5,5,mort,1,61.3700,-156.3522,brown bear,,,
2012,2012259,f,0,10.00,Tundra,1,61.1633,-155.7887,yes,0,05/22/12,05/22/12,10/11/12,142,142,unk,0,,,,,,
2012,2012260,m,1,,Tundra,1,61.2490,-155.7920,no,1,05/22/12,05/23/12,05/23/12,1,0,mort,1,61.1948,-155.8257,unk pred,,,
2012,2012261,m,1,9.00,Tundra,1,61.0662,-155.6823,yes,1,05/22/12,05/23/12,05/24/12,2,1,mort,1,61.0662,-155.6823,brown bear,,,
2012,2012262,m,1,8.50,Tundra,1,61.0693,-155.7687,returning,0,05/23/12,05/23/12,05/28/12,5,5,mort,1,61.0652,-155.7575,brown bear,,,
2012,2012263,f,0,10.00,Tundra,1,61.1987,-155.7170,unk,2,05/21/12,05/23/12,06/09/12,19,17,mort,1,,,,,,
2012,2012264,m,1,8.50,Tundra,1,61.2527,-155.7622,yes,1,05/23/12,05/24/12,10/11/12,141,140,unk,0,59.7500,-156.7500,,,,
2012,2012265,f,0,7.50,Tundra,1,61.2915,-155.9116,searching,1,05/23/12,05/24/12,05/27/12,4,3,mort,1,61.5625,-156.6703,wolf,,,
2013,2013100,m,1,,Kemuk,0,59.2694,-157.8405,yes,2,05/16/13,05/18/13,05/15/14,364,362,unk,0,,,,,,
2013,2013101,f,0,8.00,Kemuk,0,59.4263,-157.8202,yes,1,05/17/13,05/18/13,07/12/13,56,55,unk,0,,,,,,
2013,2013102,m,1,6.00,Kemuk,0,59.4455,-157.8487,yes,1,05/17/13,05/18/13,05/23/13,6,5,mort,1,59.4257,-157.9120,brown bear,,,
2013,2013103,f,0,,Kemuk,0,59.4832,-157.8495,yes,1,05/17/13,05/18/13,07/12/13,56,55,unk,0,,,,,,
2013,2013104,m,1,8.00,Kemuk,0,59.8494,-156.8839,searching,1,05/17/13,05/18/13,05/18/13,1,0,mort,1,59.8750,-156.8753,drowned,,,
2013,2013105,m,1,7.50,Kemuk,0,59.8702,-156.8894,yes,0,05/18/13,05/18/13,05/18/13,0,0,mort,1,59.8716,-156.8812,drowned,,,
2013,2013106,f,0,6.50,Kemuk,0,59.8762,-156.9238,yes,1,05/17/13,05/18/13,05/19/13,2,1,mort,1,59.8933,-156.9167,wolf,,,
2013,2013107,f,0,6.00,Kemuk,0,59.8968,-157.5614,yes,0,05/19/13,05/19/13,04/03/14,319,319,unk,0,,,,,,
2013,2013108,m,1,7.50,Kemuk,0,59.8968,-157.5614,searching,2,05/17/13,05/19/13,05/15/14,363,361,unk,0,,,,,,
2013,2013109,m,1,8.00,Kemuk,0,59.8980,-157.5291,yes,1,05/18/13,05/19/13,10/22/13,157,156,unk,0,,,,,,
2013,2013110,f,0,7.50,Kemuk,0,59.8884,-157.5062,searching,0,05/19/13,05/19/13,07/12/13,54,54,unk,0,,,,,,
2013,2013111,m,1,8.50,Kemuk,0,59.9708,-157.5060,yes,1,05/18/13,05/19/13,07/12/13,55,54,unk,0,,,,,,
2013,2013112,m,1,8.00,Kemuk,0,59.9784,-157.5570,yes,1,05/18/13,05/19/13,04/03/14,320,319,unk,0,,,,,,
2013,2013113,f,0,9.00,Kemuk,0,59.8815,-156.9683,searching,2,05/17/13,05/19/13,05/25/13,8,6,mort,1,59.9067,-157.0066,wolf,,,
2013,2013114,unk,2,9.50,Kemuk,0,59.8784,-157.0978,searching,2,05/17/13,05/19/13,05/19/14,367,365,unk,0,,,,,,
2013,2013115,m,1,8.00,Kemuk,0,59.8699,-157.0978,yes,2,05/17/13,05/19/13,05/22/13,5,3,mort,1,59.8727,-157.1329,drowned,,,
2013,2013116,unk,2,8.00,Kemuk,0,59.7872,-157.4555,yes,1,05/18/13,05/19/13,05/15/14,362,361,unk,0,,,,,,
2013,2013117,m,1,7.50,Kemuk,0,59.7617,-157.4563,yes,1,05/18/13,05/19/13,05/15/14,362,361,unk,0,,,,,,
2013,2013118,f,0,5.50,Kemuk,0,59.7089,-157.4025,yes,0,05/19/13,05/19/13,04/03/14,319,319,unk,0,,,,,,
2013,2013119,f,0,7.00,Kemuk,0,59.6007,-157.3402,yes,1,05/18/13,05/19/13,05/15/14,362,361,unk,0,,,,,,
2013,2013120,f,0,9.00,Kemuk,0,59.4832,-157.6311,searching,2,05/17/13,05/19/13,12/16/13,213,211,unk,0,,,,,,
2013,2013121,m,1,8.50,Kemuk,0,59.3902,-157.5624,yes,1,05/19/13,05/20/13,05/15/14,361,360,unk,0,,,,,,
2013,2013122,f,0,7.00,Kemuk,0,59.8863,-157.5038,yes,1,05/19/13,05/20/13,07/12/13,54,53,unk,0,,,,,,
2013,2013123,f,0,7.00,Kemuk,0,59.8988,-157.4982,yes,0,05/20/13,05/20/13,12/16/13,210,210,unk,0,,,,,,
2013,2013124,f,0,5.00,Kemuk,0,59.9152,-157.5112,yes,0,05/20/13,05/20/13,05/15/14,360,360,unk,0,,,,,,
2013,2013125,f,0,7.50,Kemuk,0,59.9491,-157.6442,searching,2,05/18/13,05/20/13,07/12/13,55,53,unk,0,60.2118,-160.6993,,,,
2013,2013126,f,0,8.50,Kemuk,0,60.0976,-157.2117,yes,2,05/18/13,05/20/13,05/24/13,6,4,unk,0,60.0798,-157.3170,,,,
2013,2013127,f,0,8.50,Kemuk,0,60.1903,-157.4860,yes,2,05/18/13,05/20/13,05/15/14,362,360,unk,0,,,,,,
2013,2013128,f,0,6.00,Kemuk,0,60.0264,-157.5815,searching,0,05/20/13,05/20/13,05/21/13,1,1,capture mort,2,60.0313,-157.5901,starvation,capture related; did not see reunite and was not with cow day after capture,,
2013,2013129,m,1,8.50,Kemuk,0,60.0267,-157.5884,searching,2,05/18/13,05/20/13,05/31/13,13,11,unk,0,,,,,,
2013,2013130,f,0,,Kemuk,0,59.6763,-157.2400,searching,2,05/18/13,05/20/13,05/15/14,362,360,unk,0,,,,,,
2013,2013131,m,1,9.50,Kemuk,0,59.5936,-157.2258,searching,3,05/17/13,05/20/13,05/31/13,14,11,unk,0,59.8889,-159.2415,,,,
2013,2013132,f,0,10.00,Kemuk,0,59.5312,-157.5802,searching,3,05/17/13,05/20/13,07/12/13,56,53,unk,0,60.6236,-159.1961,,,,
2013,2013133,f,0,8.50,Kemuk,0,59.5945,-157.4865,yes,2,05/19/13,05/21/13,05/15/14,361,359,unk,0,,,,,,
2013,2013134,m,1,7.50,Kemuk,0,59.6093,-157.4678,yes,1,05/20/13,05/21/13,07/12/13,53,52,unk,0,60.4925,-159.2430,,,,
2013,2013135,f,0,7.00,Kemuk,0,59.6412,-157.4034,yes,1,05/20/13,05/21/13,05/15/14,360,359,unk,0,,,,,,
2013,2013136,m,1,8.00,Kemuk,0,59.7200,-157.5023,yes,1,05/20/13,05/21/13,10/22/13,155,154,unk,0,,,,,,
2013,2013137,f,0,8.00,Kemuk,0,59.7965,-157.4721,yes,1,05/20/13,05/21/13,07/12/13,53,52,unk,0,60.2533,-160.7705,,,,
2013,2013138,m,1,7.00,Kemuk,0,59.7965,-157.5465,yes,1,05/21/13,05/22/13,04/03/14,317,316,unk,0,60.2215,-159.9195,,,,
2013,2013139,f,0,9.00,Kemuk,0,59.8275,-157.5530,yes,3,05/19/13,05/22/13,10/23/13,157,154,unk,0,,,,,,
2013,2013140,f,0,7.50,Kemuk,0,59.8915,-157.6673,searching,1,05/21/13,05/22/13,07/12/13,52,51,unk,0,,,,,,
2013,2013141,f,0,9.50,Kemuk,0,59.9472,-157.6502,searching,3,05/19/13,05/22/13,07/12/13,54,51,unk,0,,,,,,
2013,2013142,f,0,6.00,Kemuk,0,59.5579,-157.8266,yes,1,05/22/13,05/23/13,05/23/13,1,0,mort,1,59.5585,-157.8251,starvation,cow present when mort investigated,,
2013,2013143,f,0,8.00,Kemuk,0,59.6150,-157.6779,searching,1,05/22/13,05/23/13,05/15/14,358,357,unk,0,,,,,,
2013,2013144,f,0,9.00,Kemuk,0,59.6416,-157.6375,yes,2,05/21/13,05/23/13,10/23/13,155,153,unk,0,,,,,,
2013,2013145,m,1,8.50,Kemuk,0,59.6139,-157.6236,yes,1,05/22/13,05/23/13,10/23/13,154,153,unk,0,,,,,,
2013,2013146,m,1,9.00,Kemuk,0,59.6106,-157.6637,yes,3,05/20/13,05/23/13,07/12/13,53,50,unk,0,,,,,,
2013,2013147,f,0,8.50,Kemuk,0,59.5813,-157.7120,yes,2,05/22/13,05/24/13,05/15/14,358,356,mort,1,59.6000,-157.7500,wolf,,,
2013,2013148,m,1,10.00,Kemuk,0,59.6548,-157.3520,yes,3,05/22/13,05/25/13,04/03/14,316,313,unk,0,,,,,,
2013,2013149,f,0,8.50,Kemuk,0,59.8408,-157.8123,yes,1,05/26/13,05/27/13,11/22/13,180,179,unk,0,,,,,,
2013,2013200,m,1,8.50,Tundra,1,61.2079,-155.8232,yes,2,05/14/13,05/16/13,05/17/13,3,1,mort,1,61.1887,-155.8453,wolf,,,
2013,2013201,f,0,8.50,Tundra,1,61.2216,-155.8079,yes,1,05/15/13,05/16/13,05/23/13,8,7,mort,1,61.1783,-155.8516,brown bear,,,
2013,2013202,unk,2,8.50,Tundra,1,61.2424,-155.7394,searching,1,05/15/13,05/16/13,07/12/13,58,57,mort,1,60.7180,-156.1584,unk pred,collar crunched,,
2013,2013203,f,0,8.00,Tundra,1,61.2656,-155.7823,yes,1,05/15/13,05/16/13,10/22/13,160,159,unk,0,,,,,,
2013,2013204,m,1,8.00,Tundra,1,61.2711,-155.7954,searching,1,05/15/13,05/16/13,05/16/13,1,0,mort,1,61.2892,-155.8012,drowned,,,
2013,2013205,f,0,8.00,Tundra,1,61.2777,-155.7910,yes,1,05/15/13,05/16/13,05/20/13,5,4,mort,1,61.2878,-155.8037,drowned,,,
2013,2013206,m,1,7.00,Tundra,1,61.2778,-155.7910,yes,1,05/15/13,05/16/13,05/15/14,365,364,unk,0,,,,,,
2013,2013207,f,0,6.50,Tundra,1,61.2778,-155.8119,yes,1,05/15/13,05/16/13,05/18/13,3,2,mort,1,61.2754,-155.8018,unk pred,,,
2013,2013208,f,0,8.00,Tundra,1,61.2588,-155.7202,yes,1,05/15/13,05/16/13,05/16/13,1,0,mort,1,61.2584,-155.7503,brown bear,,,
2013,2013209,f,0,7.00,Tundra,1,61.2678,-155.7145,searching,1,05/15/13,05/16/13,05/20/13,5,4,mort,1,61.2769,-155.7853,wolf,,,
2013,2013210,m,1,7.50,Tundra,1,61.1828,-155.8289,searching,1,05/15/13,05/16/13,05/20/13,5,4,mort,1,61.1636,-155.7358,bear,,,
2013,2013211,f,0,9.50,Tundra,1,61.2107,-155.7712,yes,2,05/14/13,05/16/13,05/26/13,12,10,mort,1,61.1420,-155.7808,wolf,,,
2013,2013212,m,1,8.00,Tundra,1,61.1687,-155.7989,searching,2,05/15/13,05/17/13,05/21/13,6,4,mort,1,61.2140,-156.0947,black bear,,,
2013,2013213,f,0,9.00,Tundra,1,61.1764,-155.7774,searching,1,05/16/13,05/17/13,05/17/13,1,0,mort,1,61.1661,-155.8120,drowned,,,
2013,2013214,m,1,7.50,Tundra,1,61.1785,-155.7388,yes,0,05/17/13,05/17/13,05/19/13,2,2,mort,1,61.1774,-155.7226,brown bear,,,
2013,2013215,f,0,7.50,Tundra,1,61.1717,-155.7467,yes,1,05/16/13,05/17/13,05/17/13,1,0,mort,1,61.1683,-155.7396,wolf,reunited with cow after capture,,
2013,2013216,m,1,9.00,Tundra,1,61.1817,-155.7415,searching,1,05/16/13,05/17/13,05/15/14,364,363,unk,0,,,,,,
2013,2013217,f,0,8.00,Tundra,1,61.1736,-155.7464,yes,1,05/16/13,05/17/13,05/25/13,9,8,mort,1,61.1646,-155.8103,drowned,,,
2013,2013218,m,1,9.50,Tundra,1,61.2824,-155.7501,yes,1,05/16/13,05/17/13,05/22/13,6,5,mort,1,61.2734,-155.9188,brown bear,,,
2013,2013219,m,1,,Tundra,1,61.2813,-155.7580,yes,1,05/16/13,05/17/13,07/12/13,57,56,unk,0,,,,,,
2013,2013220,f,0,9.00,Tundra,1,61.2928,-155.7534,yes,0,05/17/13,05/17/13,05/28/13,11,11,mort,1,61.1862,-156.0013,drowned,,,
2013,2013221,m,1,9.00,Tundra,1,61.3029,-155.7952,yes,1,05/16/13,05/17/13,07/12/13,57,56,unk,0,60.4918,-155.9312,,,,
2013,2013222,f,0,7.00,Tundra,1,61.3075,-155.8614,searching,1,05/16/13,05/17/13,05/18/13,2,1,mort,1,61.3044,-155.8621,bear,,,
2013,2013223,f,0,8.00,Tundra,1,61.3346,-155.9099,searching,0,05/17/13,05/17/13,05/17/13,0,0,mort,1,61.3362,-155.8716,unk pred,,,
2013,2013224,f,0,9.00,Tundra,1,61.3056,-155.9429,yes,1,05/17/13,05/18/13,06/26/13,40,39,unk,0,59.7764,-156.3232,,,,
2013,2013225,f,0,9.00,Tundra,1,61.2966,-155.9709,searching,1,05/17/13,05/18/13,10/22/13,158,157,unk,0,,,,,,
2013,2013226,f,0,10.50,Tundra,1,61.2781,-155.9658,searching,1,05/17/13,05/18/13,05/29/13,12,11,mort,1,61.2721,-156.1169,brown bear,,,
2013,2013227,m,1,7.00,Tundra,1,61.1814,-155.7637,yes,0,05/18/13,05/18/13,07/12/13,55,55,unk,0,,,,,,
2013,2013228,m,1,9.00,Tundra,1,61.1714,-155.7490,searching,2,05/16/13,05/18/13,05/23/13,7,5,mort,1,61.0946,-155.8389,wolf,,,
2013,2013229,m,1,9.00,Tundra,1,61.1598,-155.7209,yes,0,05/18/13,05/18/13,05/28/13,10,10,mort,1,61.2732,-155.9051,brown bear,,,
2013,2013230,m,1,9.00,Tundra,1,61.1386,-155.8018,searching,1,05/17/13,05/18/13,05/23/13,6,5,mort,1,61.1344,-155.7667,wolf,,,
2013,2013231,f,0,10.00,Tundra,1,61.1235,-155.8065,searching,2,05/16/13,05/18/13,05/15/14,364,362,unk,0,,,,,,
2013,2013232,f,0,9.00,Tundra,1,61.1341,-155.9284,yes,1,05/18/13,05/19/13,05/15/14,362,361,unk,0,,,,,,
2013,2013233,m,1,10.50,Tundra,1,61.1060,-155.9750,yes,1,05/18/13,05/19/13,04/03/14,320,319,unk,0,,,,,,
2013,2013234,m,1,10.50,Tundra,1,61.1026,-155.9828,yes,1,05/18/13,05/19/13,04/03/14,320,319,unk,0,,,,,,
2013,2013235,f,0,9.00,Tundra,1,61.1389,-155.9845,searching,1,05/18/13,05/19/13,07/12/13,55,54,unk,0,59.8622,-157.1122,,,,
2013,2013236,m,1,9.50,Tundra,1,61.1677,-155.8764,yes,1,05/18/13,05/19/13,05/25/13,7,6,mort,1,61.1247,-155.8284,drowned,,,
2013,2013237,f,0,9.00,Tundra,1,61.1790,-155.8318,yes,1,05/18/13,05/19/13,07/12/13,55,54,unk,0,,,,,,
2013,2013238,f,0,7.00,Tundra,1,61.2456,-155.8589,yes,1,05/18/13,05/19/13,05/26/13,8,7,mort,1,61.1094,-155.8206,wolf,,,
2013,2013239,f,0,9.00,Tundra,1,61.2496,-155.8680,yes,1,05/18/13,05/19/13,05/21/13,3,2,mort,1,61.2624,-155.8115,wolf,,,
2013,2013240,m,1,8.00,Tundra,1,61.2604,-155.8514,yes,1,05/18/13,05/19/13,05/24/13,6,5,mort,1,61.2773,-155.9223,brown bear,,,
2013,2013241,f,0,8.00,Tundra,1,61.2854,-155.8837,searching,1,05/18/13,05/19/13,05/15/14,362,361,unk,0,,,,,,
2013,2013242,f,0,7.50,Tundra,1,61.2868,-155.8878,unk,1,05/18/13,05/19/13,05/22/13,4,3,mort,1,61.2994,-155.9072,eagle,,,
2013,2013243,f,0,8.50,Tundra,1,61.2736,-155.9378,yes,0,05/19/13,05/19/13,05/23/13,4,4,mort,1,61.2079,-156.0070,brown bear,,,
2013,2013244,f,0,8.50,Tundra,1,61.3597,-155.9778,yes,1,05/18/13,05/19/13,07/12/13,55,54,mort,1,60.4374,-156.5770,,,,
2013,2013245,m,1,7.00,Tundra,1,61.1269,-155.8401,yes,1,05/19/13,05/20/13,05/20/13,1,0,mort,1,61.1403,-155.7343,brown bear,,,
2013,2013246,m,1,8.00,Tundra,1,61.2269,-156.0741,yes,0,05/20/13,05/20/13,05/29/13,9,9,mort,1,61.2319,-156.2336,black bear,,,
2013,2013247,m,1,10.00,Tundra,1,61.2297,-156.0783,searching,0,05/20/13,05/20/13,05/28/13,8,8,mort,1,61.0819,-155.7064,brown bear,,,
2013,2013248,m,1,10.00,Tundra,1,61.3121,-156.0914,yes,0,05/20/13,05/20/13,10/22/13,155,155,unk,0,,,,,,
2013,2013249,f,0,9.00,Tundra,1,61.3558,-156.1965,yes,1,05/19/13,05/20/13,05/23/13,4,3,mort,1,61.3452,-156.1138,black bear,,,
2013,2013250,f,0,9.00,Tundra,1,61.3646,-156.1013,searching,1,05/19/13,05/20/13,10/22/13,156,155,unk,0,,,,,,
2013,2013251,f,0,8.00,Tundra,1,61.1303,-155.7749,yes,0,05/20/13,05/20/13,05/20/13,0,0,mort,1,61.1234,-155.7187,brown bear,,,
2013,2013252,m,1,10.50,Tundra,1,61.2678,-155.8833,yes,1,05/20/13,05/21/13,05/22/13,2,1,mort,1,61.2700,-155.8794,black bear,,,
2013,2013253,f,0,9.00,Tundra,1,61.3570,-155.9606,yes,1,05/20/13,05/21/13,05/24/13,4,3,mort,1,61.3976,-155.9505,brown bear,,,
2013,2013254,f,0,8.00,Tundra,1,60.9886,-155.8129,searching,2,05/20/13,05/22/13,05/26/13,6,4,mort,1,61.0114,-155.7932,brown bear,,,
2013,2013255,f,0,10.50,Tundra,1,61.0271,-155.9533,yes,1,05/21/13,05/22/13,05/23/13,2,1,mort,1,61.0244,-155.9330,black bear,,,
2013,2013256,f,0,9.50,Tundra,1,60.9740,-155.9701,yes,2,05/20/13,05/22/13,05/15/14,360,358,unk,0,,,,,,
2013,2013257,f,0,7.50,Tundra,1,61.2053,-155.9859,yes,1,05/21/13,05/22/13,05/25/13,4,3,mort,1,61.1501,-156.0450,brown bear,,,
2013,2013258,m,1,7.50,Tundra,1,61.1428,-156.0624,yes,0,05/23/13,05/23/13,05/24/13,1,1,mort,1,61.1827,-156.0468,brown bear,,,
2013,2013259,f,0,7.50,Tundra,1,61.1489,-156.0742,yes,1,05/22/13,05/23/13,05/31/13,9,8,mort,1,60.8892,-155.7758,,collar chewed,,
2013,2013260,f,0,8.00,Tundra,1,61.3464,-156.0390,yes,1,05/23/13,05/24/13,05/30/13,7,6,mort,1,61.0326,-155.7958,wolf,,,
2013,2013261,f,0,11.00,Tundra,1,61.4082,-156.0553,unk,2,05/22/13,05/24/13,07/12/13,51,49,unk,0,60.2878,-156.4528,,,,
2013,2013262,f,0,9.00,Tundra,1,61.1484,-155.7690,yes,1,05/24/13,05/25/13,05/31/13,7,6,unk,0,61.0469,-155.9571,,,,
2013,2013263,m,1,8.00,Tundra,1,61.1710,-155.8956,searching,2,05/23/13,05/25/13,05/31/13,8,6,mort,1,60.8776,-155.4459,unk cause,"pile of bones, not predation",,
2013,2013264,m,1,8.50,Tundra,1,61.1836,-156.0565,searching,0,05/25/13,05/25/13,07/12/13,48,48,mort,1,60.7291,-155.9365,unk pred,remains,,
2013,2013265,f,0,4.50,Tundra,1,61.2039,-155.9853,searching,0,05/25/13,05/25/13,05/25/13,0,0,capture mort,2,61.2039,-155.9853,abandoned,capture related; gunshot to head,,
2013,2013266,m,1,8.50,Tundra,1,61.2491,-156.0450,searching,2,05/24/13,05/26/13,05/31/13,7,5,mort,1,61.3377,-155.9214,unk pred,remains,,
2013,2013267,f,0,7.00,Tundra,1,61.2157,-155.7944,yes,1,05/25/13,05/26/13,05/15/14,355,354,unk,0,,,,,,
2013,2013268,f,0,10.50,Tundra,1,61.2096,-155.7371,yes,2,05/24/13,05/26/13,05/31/13,7,5,mort,1,61.0077,-155.5347,unk pred,remains,,
2014,2014100,m,1,7.50,Kemuk,0,59.5969,-157.6609,searching,2,05/16/14,05/18/14,07/02/14,47,45,unk,0,,,,,,
2014,2014101,f,0,6.00,Kemuk,0,59.4987,-157.7960,yes,1,05/17/14,05/18/14,05/25/14,8,7,mort,1,59.5630,-157.8330,wolf,,,
2014,2014102,f,0,6.00,Kemuk,0,59.4794,-157.8337,searching,0,05/18/14,05/18/14,05/18/14,0,0,mort,1,59.4658,-157.8417,drowned,,,
2014,2014103,unk,2,,Kemuk,0,59.4753,-157.8574,unk,0,05/18/14,05/18/14,10/15/14,150,150,unk,0,,,,,,
2014,2014104,f,0,7.00,Kemuk,0,59.4779,-157.8555,searching,0,05/18/14,05/18/14,06/26/14,39,39,unk,0,,,,,,
2014,2014105,m,1,8.00,Kemuk,0,59.4785,-157.8634,searching,0,05/18/14,05/18/14,06/26/14,39,39,unk,0,,,,,,
2014,2014106,f,0,6.50,Kemuk,0,59.4530,-157.8889,unk,1,05/17/14,05/18/14,05/18/14,1,0,mort,1,59.4410,-157.8917,eagle,,,
2014,2014107,f,0,,Kemuk,0,59.4521,-157.8878,unk,0,05/18/14,05/18/14,05/26/14,8,8,mort,1,59.5438,-157.0665,wolf,,,
2014,2014108,m,1,8.00,Kemuk,0,59.4593,-157.8979,unk,1,05/17/14,05/18/14,05/26/14,9,8,mort,1,59.5650,-157.0754,wolf,,,
2014,2014109,m,1,10.00,Kemuk,0,59.5478,-157.6393,unk,1,05/17/14,05/18/14,05/27/14,10,9,unk,0,,,,,,
2014,2014110,m,1,10.00,Kemuk,0,59.5179,-157.6674,yes,1,05/17/14,05/18/14,04/01/15,319,318,unk,0,,,,,,
2014,2014111,m,1,7.00,Kemuk,0,59.4812,-157.6918,yes,0,05/18/14,05/18/14,05/18/14,0,0,mort,1,59.4848,-157.6875,unk pred,,,
2014,2014112,m,1,8.00,Kemuk,0,59.4768,-157.7100,searching,0,05/18/14,05/18/14,05/18/14,0,0,unk,0,,,,freq error,,
2014,2014113,f,0,7.50,Kemuk,0,59.4407,-157.6985,yes,0,05/18/14,05/18/14,07/01/14,44,44,unk,0,60.4835,-159.1765,,,,
2014,2014114,m,1,7.50,Kemuk,0,59.4397,-157.6788,searching,0,05/18/14,05/18/14,05/20/14,2,2,capture mort,2,59.4417,-157.6690,starvation,capture related; did not see reunite,,
2014,2014115,f,0,6.50,Kemuk,0,60.1939,-158.4298,searching,1,05/17/14,05/18/14,05/29/15,377,376,unk,0,,,,,,
2014,2014116,m,1,8.00,Kemuk,0,60.2018,-158.4409,searching,2,05/16/14,05/18/14,04/01/15,320,318,unk,0,,,,,,
2014,2014117,f,0,,Kemuk,0,60.2455,-158.5766,searching,1,05/17/14,05/18/14,05/29/15,377,376,unk,0,,,,,,
2014,2014118,f,0,7.50,Kemuk,0,60.2632,-158.6002,searching,0,05/18/14,05/18/14,05/27/14,9,9,unk,0,60.2211,-158.3868,,,,
2014,2014200,f,0,9.00,Mulchatna,1,60.6468,-154.2961,unk,1,05/15/14,05/16/14,10/14/14,152,151,unk,0,,,,,,
2014,2014201,f,0,9.00,Mulchatna,1,60.6826,-154.1602,unk,1,05/15/14,05/16/14,05/19/15,369,368,unk,0,,,,,,
2014,2014202,f,0,,Mulchatna,1,60.6817,-154.1706,yes,1,05/15/14,05/16/14,10/14/14,152,151,unk,0,,,,,,
2014,2014203,m,1,7.50,Mulchatna,1,60.7003,-154.1927,yes,1,05/15/14,05/16/14,06/26/14,42,41,unk,0,59.2554,-157.0598,,,,
2014,2014204,f,0,11.00,Mulchatna,1,60.7123,-154.1895,yes,2,05/14/14,05/16/14,05/16/14,2,0,mort,1,60.7133,-154.1888,drowned,,,
2014,2014205,f,0,10.00,Mulchatna,1,60.7267,-154.2262,searching,2,05/14/14,05/16/14,05/19/15,370,368,unk,0,,,,,,
2014,2014206,f,0,11.00,Mulchatna,1,60.7400,-154.2925,yes,2,05/14/14,05/16/14,05/16/14,2,0,mort,1,60.7088,-154.3620,brown bear,,,
2014,2014207,m,1,7.50,Mulchatna,1,60.7707,-154.2492,searching,0,05/16/14,05/16/14,05/27/14,11,11,unk,0,,,,,,
2014,2014208,m,1,7.50,Mulchatna,1,60.8187,-154.1004,unk,0,05/16/14,05/16/14,05/17/14,1,1,mort,1,60.8189,-154.1119,starvation,observed with cow after capture,,
2014,2014209,m,1,10.00,Mulchatna,1,60.8161,-154.0622,yes,1,05/15/14,05/16/14,06/26/14,42,41,unk,0,59.1282,-157.1356,,,,
2014,2014210,f,0,9.00,Mulchatna,1,60.7395,-153.9942,searching,1,05/15/14,05/16/14,05/19/15,369,368,unk,0,,,,,,
2014,2014211,f,0,7.00,Mulchatna,1,60.7487,-153.9953,unk,0,05/16/14,05/16/14,05/25/14,9,9,mort,1,60.7300,-153.9794,eagle,,,
2014,2014212,f,0,,Mulchatna,1,60.7816,-154.0303,yes,1,05/15/14,05/16/14,05/19/15,369,368,unk,0,,,,,,
2014,2014213,f,0,7.00,Mulchatna,1,60.7554,-153.9786,searching,0,05/16/14,05/16/14,05/16/14,0,0,mort,1,60.7553,-153.9798,eagle,mom was searching; capture mort?,,
2014,2014214,m,1,7.00,Mulchatna,1,60.7360,-154.0000,unk,0,05/16/14,05/16/14,05/19/15,368,368,unk,0,,,,,,
2014,2014215,m,1,10.00,Mulchatna,1,60.7650,-154.1700,searching,2,05/15/14,05/17/14,05/18/14,3,1,mort,1,60.7660,-154.1716,eagle,,,
2014,2014216,m,1,10.50,Mulchatna,1,60.8213,-154.1209,yes,2,05/15/14,05/17/14,12/18/14,217,215,unk,0,,,,,,
2014,2014217,m,1,8.00,Mulchatna,1,60.8461,-154.0198,searching,1,05/16/14,05/17/14,05/19/14,3,2,mort,1,60.8481,-154.0299,eagle,,,
2014,2014218,f,0,10.00,Mulchatna,1,60.8614,-154.0053,searching,1,05/16/14,05/17/14,05/18/14,2,1,mort,1,60.7823,-154.0653,wolf,,,
2014,2014219,f,0,9.00,Mulchatna,1,60.7843,-154.0452,searching,1,05/16/14,05/17/14,10/29/14,166,165,unk,0,,,,,,
2014,2014220,f,0,10.50,Mulchatna,1,60.7901,-154.0662,yes,1,05/16/14,05/17/14,05/19/15,368,367,unk,0,,,,,,
2014,2014221,f,0,7.50,Mulchatna,1,60.7994,-154.0659,yes,1,05/16/14,05/17/14,05/18/14,2,1,mort,1,60.7992,-154.0660,eagle,,,
2014,2014222,m,1,9.00,Mulchatna,1,60.7876,-154.0997,searching,0,05/17/14,05/17/14,06/26/14,40,40,unk,0,59.5978,-156.2252,,,,
2014,2014223,f,0,6.00,Mulchatna,1,60.7962,-154.0892,searching,0,05/17/14,05/17/14,10/29/14,165,165,unk,0,,,,,,
2014,2014224,f,0,7.00,Mulchatna,1,60.7402,-154.0649,searching,0,05/17/14,05/17/14,05/17/14,0,0,mort,1,60.7368,-154.0653,eagle,,,
2014,2014225,m,1,,Mulchatna,1,60.7140,-153.9910,searching,0,05/17/14,05/17/14,12/18/14,215,215,unk,0,,,,,,
2014,2014226,f,0,10.00,Mulchatna,1,60.7098,-153.9727,searching,1,05/16/14,05/17/14,04/01/15,320,319,unk,0,,,,,,
2014,2014227,f,0,,Mulchatna,1,60.7010,-153.9622,searching,0,05/17/14,05/17/14,05/19/15,367,367,unk,0,,,,,,
2014,2014228,f,0,9.50,Mulchatna,1,60.7022,-153.9513,searching,1,05/16/14,05/17/14,12/18/14,216,215,unk,0,,,,,,
2014,2014229,f,0,7.50,Mulchatna,1,60.7034,-153.9479,searching,0,05/17/14,05/17/14,12/01/14,198,198,unk,0,,,,,,
2014,2014230,m,1,8.00,Mulchatna,1,60.7049,-153.9572,searching,0,05/17/14,05/17/14,05/17/14,0,0,mort,1,60.6994,-153.9510,wolverine,,,
2014,2014231,f,0,6.50,Mulchatna,1,60.7596,-154.0462,yes,1,05/18/14,05/19/14,06/26/14,39,38,unk,0,60.1923,-156.8235,,,,
2014,2014232,f,0,7.00,Mulchatna,1,60.7462,-154.0564,searching,0,05/19/14,05/19/14,05/28/14,9,9,unk,0,,,,collar malfunction,,
2014,2014233,m,1,8.00,Mulchatna,1,60.7689,-153.9958,searching,0,05/19/14,05/19/14,05/26/14,7,7,unk,0,,,,collar malfunction,,
2014,2014234,m,1,8.50,Mulchatna,1,60.7349,-153.9923,yes,1,05/19/14,05/20/14,05/20/14,1,0,mort,1,60.7067,-153.9778,eagle,reunited after capture,,
2014,2014235,m,1,7.80,Mulchatna,1,60.7399,-153.9894,searching,0,05/20/14,05/20/14,05/19/15,364,364,unk,0,,,,,,
2014,2014236,m,1,8.20,Mulchatna,1,60.7474,-153.9593,searching,0,05/20/14,05/20/14,05/20/14,0,0,mort,1,60.7442,-153.9643,eagle,mom searching after capture,,
2014,2014237,unk,2,6.80,Mulchatna,1,60.7347,-153.9818,searching,0,05/20/14,05/20/14,06/02/14,13,13,unk,0,60.8133,-154.0293,,,,
2014,2014238,unk,2,,Mulchatna,1,60.7736,-154.0556,yes,0,05/20/14,05/20/14,04/01/15,316,316,unk,0,,,,,,
2014,2014239,unk,2,,Mulchatna,1,60.7974,-153.9872,searching,1,05/19/14,05/20/14,10/12/14,146,145,unk,0,60.5800,-156.0587,,,,
2014,2014240,m,1,,Mulchatna,1,60.7692,-154.0549,searching,3,05/19/14,05/22/14,04/01/15,317,314,unk,0,,,,,,
2014,2014241,unk,2,,Mulchatna,1,60.8400,-154.1504,searching,0,05/22/14,05/22/14,06/26/14,35,35,unk,0,59.8084,-156.0633,,,,
2014,2014242,unk,2,,Mulchatna,1,60.7320,-154.1171,yes,1,05/21/14,05/22/14,05/26/14,5,4,mort,1,60.7167,-154.0735,brown bear,,,
2014,2014243,unk,2,,Mulchatna,1,60.7486,-153.9959,searching,0,05/22/14,05/22/14,05/23/14,1,1,capture mort,2,60.7492,-153.9948,eagle,capture related,,
2017,2017100,f,0,8.80,Tikchik,0,60.3037,-158.7288,yes,1,05/14/17,05/15/17,05/18/17,4,3,mort,1,60.4197,-158.8704,brown bear,,,
2017,2017101,f,0,8.40,Tikchik,0,60.2985,-158.7262,yes,1,05/14/17,05/15/17,10/14/17,153,152,unk,0,60.0726,-160.7640,,,,
2017,2017102,m,1,8.20,Tikchik,0,60.3186,-158.7371,yes,0,05/15/17,05/15/17,05/15/17,0,0,capture mort,2,60.3185,-158.7374,unk pred,capture related; had not reunited with cow by afternoon check; dead the next day,,
2017,2017103,m,1,9.00,Tikchik,0,60.3247,-158.7439,yes,2,05/13/17,05/15/17,05/19/18,371,369,unk,0,,,,,,
2017,2017104,m,1,8.40,Tikchik,0,60.3263,-158.7360,searching,1,05/14/17,05/15/17,05/25/17,11,10,mort,1,60.4700,-158.7277,unk pred ,,,
2017,2017105,m,1,9.40,Tikchik,0,60.3425,-158.7522,yes,1,05/14/17,05/15/17,10/14/17,153,152,unk,0,60.7550,-160.3466,,,,
2017,2017106,f,0,7.40,Tikchik,0,60.3512,-158.7488,yes,0,05/15/17,05/15/17,10/14/17,152,152,unk,0,,,,,,
2017,2017107,f,0,8.00,Tikchik,0,60.3476,-158.7671,yes,0,05/15/17,05/15/17,06/22/17,38,38,unk,0,60.5563,-160.0582,,,,
2017,2017108,f,0,8.00,Tikchik,0,60.3520,-158.7782,yes,0,05/15/17,05/15/17,04/03/18,323,323,unk,0,60.2673,-160.0823,,,,
2017,2017109,f,0,9.20,Tikchik,0,60.3843,-158.8784,yes,2,05/13/17,05/15/17,04/03/18,325,323,unk,0,,,,,,
2017,2017110,m,1,8.00,Tikchik,0,60.4264,-158.8509,no,0,05/15/17,05/15/17,05/18/17,3,3,mort,1,60.4120,-158.8464,brown bear,,,
2017,2017111,unk,2,,Tikchik,0,60.4307,-158.8630,yes,1,05/14/17,05/15/17,06/22/17,39,38,unk,0,,,,,,
2017,2017112,f,0,,Tikchik,0,60.4230,-158.8272,yes,1,05/14/17,05/15/17,10/14/17,153,152,unk,0,60.7222,-161.0330,,,,
2017,2017113,m,1,,Tikchik,0,60.4103,-158.8215,yes,2,05/13/17,05/15/17,05/22/17,9,7,mort,1,60.5411,-158.8744,unk pred ,,,
2017,2017114,f,0,6.40,Tikchik,0,60.4094,-158.8262,yes,0,05/15/17,05/15/17,05/15/17,0,0,mort,1,60.4012,-158.8154,unk pred,,,
2017,2017115,unk,2,,Tikchik,0,60.4027,-158.5836,yes,0,05/15/17,05/15/17,05/20/17,5,5,mort,1,60.4124,-158.6767,wolf,,,
2017,2017116,m,1,9.00,Tikchik,0,60.3776,-158.6036,yes,1,05/14/17,05/15/17,10/14/17,153,152,unk,0,60.7388,-160.6545,,,,
2017,2017117,m,1,,Tikchik,0,60.3684,-158.5879,no,1,05/14/17,05/15/17,05/15/17,1,0,mort,1,60.3282,-158.5368,wolf,,,
2017,2017118,f,0,,Tikchik,0,60.3677,-158.6031,yes,1,05/14/17,05/15/17,05/18/17,4,3,mort,1,60.4162,-158.6048,eagle,,,
2017,2017119,f,0,7.80,Tikchik,0,60.3499,-158.5855,yes,1,05/14/17,05/15/17,06/22/17,39,38,unk,0,60.6721,-158.8654,,,,
2017,2017120,unk,2,,Tikchik,0,60.2984,-158.5395,yes,0,05/15/17,05/15/17,06/22/17,38,38,mort,1,60.1017,-160.5033,unk pred,,,
2017,2017121,unk,2,,Tikchik,0,60.2772,-158.5413,yes,1,05/14/17,05/15/17,05/15/17,1,0,mort,1,60.3473,-158.7269,wolf,,,
2017,2017122,m,1,,Tikchik,0,60.2771,-158.6027,yes,1,05/14/17,05/15/17,10/14/17,153,152,unk,0,60.6960,-160.5335,,,,
2017,2017123,m,1,9.20,Tikchik,0,60.2696,-158.6055,yes,1,05/14/17,05/15/17,05/25/17,11,10,mort,1,60.3922,-158.5916,unk pred ,,,
2017,2017124,f,0,,Tikchik,0,60.2857,-158.6374,yes,0,05/15/17,05/15/17,05/22/17,7,7,mort,1,60.4246,-158.8506,wolf,,,
2017,2017125,f,0,8.40,Tikchik,0,60.2922,-158.6350,yes,0,05/15/17,05/15/17,05/25/17,10,10,mort,1,60.3938,-158.6597,unk pred ,,,
2017,2017126,f,0,8.20,Tikchik,0,60.2925,-158.6300,yes,1,05/14/17,05/15/17,05/25/17,11,10,mort,1,60.4373,-158.7577,unk pred ,,,
2017,2017127,f,0,,Tikchik,0,60.3203,-158.6959,yes,0,05/15/17,05/15/17,06/22/17,38,38,mort,1,60.3840,-160.6238,unk pred,,,
2017,2017128,m,1,,Tikchik,0,60.3218,-158.6314,yes,0,05/15/17,05/15/17,06/22/17,38,38,unk,0,60.2021,-159.6382,,,,
2017,2017129,f,0,,Tikchik,0,60.3244,-158.5624,yes,0,05/15/17,05/15/17,10/15/17,153,153,unk,0,59.6519,-156.6028,,,,
2017,2017130,unk,2,,Tikchik,0,60.4020,-158.2234,yes,1,05/17/17,05/18/17,05/20/17,3,2,mort,1,60.3907,-158.2078,brown bear,,,
2017,2017131,unk,2,,Tikchik,0,60.4217,-158.7061,yes,2,05/16/17,05/18/17,10/14/17,151,149,unk,0,60.6738,-161.2933,,,,
2017,2017132,unk,2,,Tikchik,0,60.4145,-158.7643,yes,1,05/17/17,05/18/17,05/25/17,8,7,mort,1,60.3857,-158.7817,unk pred ,,,
2017,2017133,unk,2,,Tikchik,0,60.4235,-158.8441,yes,0,05/18/17,05/18/17,10/14/17,149,149,unk,0,60.7812,-160.5933,,,,
2017,2017134,m,1,,Tikchik,0,60.4093,-158.4641,yes,2,05/18/17,05/20/17,10/15/17,150,148,unk,0,60.7798,-160.6195,,,,
2017,2017135,unk,2,,Tikchik,0,60.4393,-158.4978,yes,2,05/18/17,05/20/17,05/22/17,4,2,mort,1,60.4349,-158.4812,wolf,,,
2017,2017136,unk,2,,Tikchik,0,60.4050,-158.4719,yes,2,05/18/17,05/20/17,10/14/17,149,147,unk,0,60.5299,-161.4471,,,,
2017,2017137,unk,2,,Tikchik,0,60.4608,-158.5257,yes,5,05/17/17,05/22/17,06/22/17,36,31,unk,0,60.5024,-160.9319,,,,
2017,2017138,unk,2,,Tikchik,0,60.3397,-158.7267,yes,1,05/21/17,05/22/17,05/22/17,1,0,mort,1,60.3892,-158.8214,brown bear,,,
2017,2017200,f,0,9.40,Mulchatna,1,60.5439,-155.3869,no,2,05/11/17,05/13/17,05/26/17,15,13,mort,1,60.5315,-155.3961,unk pred ,,,
2017,2017201,f,0,7.90,Mulchatna,1,60.5644,-155.3703,yes,1,05/12/17,05/13/17,05/19/17,7,6,mort,1,60.5359,-155.3667,brown bear,,,
2017,2017202,f,0,8.00,Mulchatna,1,60.5216,-155.3291,searching,0,05/13/17,05/13/17,06/01/17,19,19,mort,1,60.2790,-155.9101,unk pred ,,,
2017,2017203,m,1,7.40,Mulchatna,1,60.5097,-155.3555,yes,1,05/12/17,05/13/17,05/26/17,14,13,mort,1,60.5188,-155.3114,brown bear,,,
2017,2017204,m,1,8.20,Mulchatna,1,60.5148,-155.3421,searching,1,05/12/17,05/13/17,06/01/17,20,19,mort,1,60.4870,-155.1520,unk pred,,,
2017,2017205,f,0,9.20,Mulchatna,1,60.5168,-155.4015,searching,2,05/11/17,05/13/17,05/14/17,3,1,mort,1,60.5167,-155.4008,eagle,,,
2017,2017206,f,0,6.60,Mulchatna,1,60.5193,-155.4150,unk,1,05/12/17,05/13/17,05/20/17,8,7,mort,1,60.5258,-155.4142,wolf,,,
2017,2017207,m,1,8.20,Mulchatna,1,60.5298,-155.4083,searching,2,05/11/17,05/13/17,06/25/17,45,43,mort,1,60.2407,-156.1819,unk pred,,,
2017,2017208,m,1,8.00,Mulchatna,1,60.6479,-155.0233,searching,1,05/12/17,05/13/17,06/01/17,20,19,unk,0,60.0680,-156.3254,,collar in deep tundra pool; could not recover,,
2017,2017209,f,0,7.80,Mulchatna,1,60.6213,-154.9283,yes,1,05/12/17,05/13/17,05/16/17,4,3,mort,1,60.5899,-155.0055,brown bear,,,
2017,2017210,m,1,9.50,Mulchatna,1,60.7009,-154.6335,searching,2,05/11/17,05/13/17,05/22/17,11,9,mort,1,60.6893,-154.8176,unk pred ,,,
2017,2017211,f,0,7.20,Mulchatna,1,60.7172,-154.6327,searching,1,05/12/17,05/13/17,05/14/17,2,1,mort,1,60.7203,-154.6139,brown bear,,,
2017,2017212,m,1,7.40,Mulchatna,1,60.7210,-155.0813,yes,1,05/12/17,05/13/17,06/25/17,44,43,mort,1,60.2290,-156.9213,unk pred ,,,
2017,2017213,f,0,8.80,Mulchatna,1,60.6649,-155.1068,yes,1,05/12/17,05/13/17,05/13/17,1,0,mort,1,60.6726,-155.1082,bear,,,
2017,2017214,m,1,8.40,Mulchatna,1,60.6486,-155.0796,searching,1,05/12/17,05/13/17,06/01/17,20,19,mort,1,60.3050,-155.7907,unk pred,,,
2017,2017215,f,0,12.40,Mulchatna,1,60.6267,-155.1731,yes,2,05/11/17,05/13/17,06/01/17,21,19,mort,1,60.0720,-156.3303,unk pred,,,
2017,2017216,m,1,9.20,Mulchatna,1,60.7047,-154.2799,yes,1,05/13/17,05/14/17,05/16/17,3,2,mort,1,60.6856,-154.2465,wolf,,,
2017,2017217,f,0,7.40,Mulchatna,1,60.7185,-154.2702,yes,1,05/13/17,05/14/17,11/01/17,172,171,mort,1,59.8043,-156.6227,unk pred,collar tested positive for blood residue,,
2017,2017218,f,0,9.40,Mulchatna,1,60.7579,-154.2477,searching,2,05/12/17,05/14/17,05/17/17,5,3,mort,1,60.7522,-154.2046,brown bear,,,
2017,2017219,f,0,9.00,Mulchatna,1,60.7939,-154.2694,yes,1,05/13/17,05/14/17,05/20/17,7,6,mort,1,60.8050,-154.2803,wolf,,,
2017,2017220,f,0,12.20,Mulchatna,1,60.7527,-154.2454,searching,1,05/13/17,05/14/17,11/01/17,172,171,mort,1,59.9216,-156.5405,,collar tested positive for blood residue,,
2017,2017221,m,1,8.40,Mulchatna,1,60.7200,-154.1700,searching,1,05/13/17,05/14/17,05/14/17,1,0,mort,1,60.7056,-154.1543,bear,,,
2017,2017222,f,0,9.40,Mulchatna,1,60.7210,-154.1734,yes,1,05/13/17,05/14/17,06/25/17,43,42,unk,0,59.8958,-157.0294,,,,
2017,2017223,f,0,9.40,Mulchatna,1,60.6901,-154.2437,yes,1,05/13/17,05/14/17,11/01/17,172,171,unk,0,59.8543,-156.4837,,no blood residue on collar,,
2017,2017224,m,1,9.60,Mulchatna,1,60.7039,-154.2745,yes,1,05/13/17,05/14/17,05/14/17,1,0,mort,1,60.7027,-154.2840,wolf,,,
2017,2017225,m,1,7.40,Mulchatna,1,60.6841,-154.3891,yes,1,05/13/17,05/14/17,05/14/17,1,0,mort,1,60.7143,-154.3345,wolf,,,
2017,2017226,f,0,8.80,Mulchatna,1,60.7240,-155.0662,yes,1,05/13/17,05/14/17,04/06/18,328,327,unk,0,,,,,,
2017,2017227,m,1,11.40,Mulchatna,1,60.7225,-155.0875,yes,1,05/13/17,05/14/17,05/26/17,13,12,unk,0,60.4814,-155.1241,,,,
2017,2017228,m,1,,Mulchatna,1,60.7366,-155.0210,no,1,05/13/17,05/14/17,05/16/17,3,2,capture mort,2,60.7417,-155.0465,starvation,"capture related; abandoned after prolonged capture, dumbo drop didn't work",,
2017,2017229,f,0,10.40,Mulchatna,1,60.5550,-155.3246,yes,0,05/14/17,05/14/17,05/15/18,366,366,unk,0,,,,,,
2017,2017230,unk,2,,Mulchatna,1,60.5419,-155.4225,yes,1,05/16/17,05/17/17,05/22/17,6,5,mort,1,60.5301,-155.4215,wolf,,,
2017,2017231,f,0,8.00,Mulchatna,1,60.7242,-154.3569,yes,1,05/16/17,05/17/17,05/17/17,1,0,mort,1,60.7299,-154.3540,brown bear,,,
2017,2017232,unk,2,,Mulchatna,1,60.7482,-154.3898,yes,1,05/17/17,05/18/17,05/20/17,3,2,mort,1,60.7705,-154.4341,wolf,,,
2017,2017233,unk,2,,Mulchatna,1,60.7605,-154.3574,yes,1,05/17/17,05/18/17,05/22/17,5,4,mort,1,60.7284,-154.3403,unk pred ,,,
2017,2017234,unk,2,,Mulchatna,1,60.7529,-154.4128,yes,1,05/17/17,05/18/17,05/19/17,2,1,mort,1,60.7431,-154.4304,eagle,,,
2017,2017235,unk,2,,Mulchatna,1,60.7628,-154.6512,yes,2,05/17/17,05/19/17,05/26/17,9,7,mort,1,60.7226,-154.7634,unk pred ,,,
2017,2017236,unk,2,,Mulchatna,1,60.7563,-154.3829,yes,1,05/18/17,05/19/17,05/20/17,2,1,mort,1,60.7500,-154.4443,wolf,,,
2017,2017237,f,0,,Mulchatna,1,60.7776,-154.3542,yes,1,05/18/17,05/19/17,06/25/17,38,37,mort,1,60.1066,-156.6617,unk pred,,,
2018,2018100,f,0,7.20,UMulch,1,60.7381,-155.1064,yes,1,5/12/18,5/13/18,05/15/18,3,2,mort,1,60.7436,-155.0980,bear,,,
2018,2018101,f,0,8.80,UMulch,1,60.7330,-155.0555,searching,1,5/12/18,5/13/18,06/22/18,41,40,mort,1,60.2266,-156.7031,unk pred,,,
2018,2018102,m,1,11.00,UMulch,1,60.6909,-154.9652,yes,1,5/12/18,5/13/18,09/06/18,117,116,mort,1,60.4443,-156.0977,unk pred,,,
2018,2018103,f,0,9.00,UMulch,1,60.6707,-154.9815,yes,0,5/13/18,5/13/18,05/24/18,11,11,mort,1,60.7462,-154.6525,brown bear,,,
2018,2018104,f,0,10.20,UMulch,1,60.6661,-154.9937,yes,0,5/13/18,5/13/18,08/03/18,82,82,unk,0,59.6683,-155.9055,,,,
2018,2018105,m,1,12.80,UMulch,1,60.6069,-155.1482,searching,3,5/11/18,5/14/18,05/15/18,4,1,mort,1,60.6360,-155.2370,brown bear,,,
2018,2018106,m,1,,UMulch,1,60.6190,-155.0298,returning,2,5/12/18,5/14/18,05/18/18,6,4,capture mort,2,60.6332,-155.0125,abandoned,capture related; gunshot to head,,
2018,2018107,m,1,10.60,UMulch,1,60.6220,-155.0254,yes,1,5/13/18,5/14/18,05/20/18,7,6,mort,1,60.7357,-154.6106,brown bear,,,
2018,2018108,f,0,10.20,UMulch,1,60.6304,-154.9978,yes,2,5/12/18,5/14/18,05/23/18,11,9,mort,1,60.6237,-155.0915,wolf,,,
2018,2018109,m,1,11.20,UMulch,1,60.6328,-154.9754,no,2,5/12/18,5/14/18,05/23/18,11,9,mort,1,60.6235,-155.0967,wolf,,,
2018,2018110,f,0,,UMulch,1,60.6527,-154.9046,searching,1,5/13/18,5/14/18,05/15/18,2,1,mort,1,60.6524,-154.9537,brown bear,,,
2018,2018111,f,0,10.00,UMulch,1,60.6820,-154.9367,returning,1,5/13/18,5/14/18,05/27/18,14,13,mort,1,60.6248,-155.0156,unk pred,,,
2018,2018112,f,0,11.20,UMulch,1,60.6339,-155.2957,yes,2,5/12/18,5/14/18,04/01/19,324,322,unk,0,,,,,,
2018,2018113,f,0,10.40,UMulch,1,60.6305,-155.3021,yes,2,5/12/18,5/14/18,10/07/18,148,146,unk,0,59.9725,-157.2439,,,,
2018,2018114,m,1,12.60,UMulch,1,61.0895,-156.0186,yes,3,5/13/18,5/16/18,10/07/18,147,144,mort,1,59.8992,-156.7031,unk pred,,,
2018,2018115,f,0,9.00,UMulch,1,61.0882,-156.0430,yes,2,5/14/18,5/16/18,08/03/18,81,79,mort,1,60.5527,-156.0559,unk pred,,,
2018,2018116,m,1,,UMulch,1,61.1155,-155.9938,yes,1,5/15/18,5/16/18,11/12/18,181,180,unk,0,59.7104,-155.8817,,,,
2018,2018117,m,1,,UMulch,1,61.1239,-155.9820,yes,2,5/14/18,5/16/18,10/07/18,146,144,mort,1,59.8460,-156.6874,unk pred,,,
2018,2018118,f,0,,UMulch,1,61.1300,-155.9618,yes,1,5/15/18,5/16/18,11/12/18,181,180,unk,0,59.4181,-156.5144,,"Ramsey pick up, no notes on retrieval",,
2018,2018119,unk,2,,UMulch,1,61.1445,-155.9395,yes,0,5/16/18,5/16/18,11/12/18,180,180,mort,1,59.5412,-156.3363,unk pred,,,
2018,2018120,m,1,,UMulch,1,61.1507,-155.7997,yes,1,5/15/18,5/16/18,06/24/18,40,39,mort,1,60.3169,-157.0193,unk pred,,,
2018,2018121,f,0,11.40,UMulch,1,61.0755,-155.8758,yes,2,5/14/18,5/16/18,06/25/18,42,40,unk,0,60.2976,-156.7490,,,,
2018,2018122,m,1,10.80,UMulch,1,61.0882,-155.8705,yes,1,5/15/18,5/16/18,05/22/18,7,6,mort,1,61.1344,-155.8584,bear,,,
2018,2018123,f,0,8.40,UMulch,1,61.0988,-155.8129,yes,1,5/15/18,5/16/18,11/12/18,181,180,unk,0,59.2691,-157.1418,,"Ramsey pick up, no notes on retrieval",,
2018,2018124,m,1,11.00,UMulch,1,60.6018,-154.9991,yes,2,5/16/18,5/18/18,06/06/18,21,19,mort,1,60.5089,-155.0891,unk pred,,,
2018,2018125,m,1,9.00,UMulch,1,60.6079,-154.9851,yes,1,5/17/18,5/18/18,11/12/18,179,178,unk,0,59.6755,-156.7339,,"Ramsey pick up, no notes on retrieval",,
2018,2018126,f,0,10.00,UMulch,1,60.6783,-155.1546,yes,1,5/17/18,5/18/18,05/19/18,2,1,mort,1,60.6672,-155.1228,black bear,,,
2018,2018127,unk,2,,UMulch,1,60.7197,-155.2175,searching,2,5/16/18,5/18/18,05/19/18,3,1,mort,1,60.7208,-155.2179,unk cause,,,
2018,2018128,f,0,11.60,UMulch,1,60.5340,-155.4564,yes,2,5/16/18,5/18/18,02/19/19,279,277,unk,0,59.4944,-156.7666,,"Ramsey pick up, no notes on retrieval",,
2018,2018129,m,1,14.00,UMulch,1,60.7378,-155.0367,yes,3,5/17/18,5/20/18,08/03/18,78,75,unk,0,59.7596,-155.7502,,,,
2018,2018130,m,1,10.00,UMulch,1,60.8141,-155.6529,yes,2,5/18/18,5/20/18,05/20/19,367,365,unk,0,60.8253,-155.8059,,,,
2018,2018131,unk,2,,UMulch,1,60.8151,-155.6922,yes,0,5/20/18,5/20/18,05/27/18,7,7,mort,1,60.7167,-155.9077,unk pred,,,
2018,2018132,m,1,9.80,UMulch,1,60.8778,-155.8497,yes,1,5/19/18,5/20/18,05/22/18,3,2,mort,1,60.8713,-155.8541,brown bear,,,
2018,2018133,m,1,7.00,UMulch,1,60.9006,-155.7947,yes,0,5/20/18,5/20/18,05/25/18,5,5,mort,1,60.9180,-155.8859,brown bear,,,
2018,2018134,unk,2,,UMulch,1,60.6898,-155.6797,yes,1,5/19/18,5/20/18,09/06/18,110,109,unk,0,60.4197,-156.0543,,,,
2018,2018135,f,0,9.20,UMulch,1,60.6654,-155.6743,no,2,5/18/18,5/20/18,10/07/18,142,140,unk,0,59.6507,-156.4207,,"Ramsey pick up, no notes on retrieval",,
2018,2018136,m,1,,UMulch,1,60.8193,-155.7599,yes,2,5/20/18,5/22/18,09/06/18,109,107,mort,1,60.2468,-156.4667,unk pred,,,
2018,2018137,f,0,8.30,UMulch,1,60.9005,-155.7805,yes,1,5/21/18,5/22/18,05/22/18,1,0,mort,1,60.8845,-155.7674,bear,,,
2018,2018138,m,1,8.20,UMulch,1,60.8791,-155.8341,yes,1,5/21/18,5/22/18,05/23/18,2,1,mort,1,60.8782,-155.8255,unk cause,,,
2018,2018139,m,1,10.20,UMulch,1,60.9096,-155.8140,yes,2,5/20/18,5/22/18,05/23/18,3,1,mort,1,60.9080,-155.8342,wolf,,,
2018,2018200,f,0,8.20,Tikchik,0,60.1106,-157.6898,yes,0,5/13/18,5/13/18,05/16/18,3,3,mort,1,60.0670,-157.6770,brown bear,,,
2018,2018201,m,1,10.50,Tikchik,0,60.0899,-158.4225,yes,2,5/11/18,5/13/18,06/11/18,31,29,mort,1,60.4452,-159.0453,unk pred,,,
2018,2018202,m,1,8.60,Tikchik,0,60.1549,-158.3690,searching,0,5/13/18,5/13/18,06/06/18,24,24,mort,1,60.1949,-158.2439,unk pred,,,
2018,2018203,f,0,7.80,Tikchik,0,60.1753,-158.3660,yes,1,5/12/18,5/13/18,10/13/18,154,153,unk,0,60.9103,-160.6981,,,,
2018,2018204,m,1,10.00,Tikchik,0,60.1686,-158.3189,yes,1,5/12/18,5/13/18,05/14/18,2,1,mort,1,60.1756,-158.3570,brown bear,,,
2018,2018205,m,1,8.00,Tikchik,0,60.1669,-158.2700,yes,0,5/14/18,5/14/18,05/17/18,3,3,mort,1,60.1910,-158.3280,brown bear,,,
2018,2018206,f,0,7.00,Tikchik,0,60.2172,-158.3116,searching,0,5/14/18,5/14/18,09/05/18,114,114,unk,0,59.9127,-157.1249,,,,
2018,2018207,m,1,9.20,Tikchik,0,60.2110,-158.3198,searching,1,5/13/18,5/14/18,05/18/18,5,4,mort,1,60.2910,-158.3310,wolf,,,
2018,2018208,m,1,,Tikchik,0,60.1906,-158.3272,searching,1,5/13/18,5/14/18,05/15/18,2,1,mort,1,60.1906,-158.3272,brown bear,,,
2018,2018209,f,0,9.60,Tikchik,0,60.1854,-158.4309,returning,1,5/13/18,5/14/18,10/13/18,153,152,unk,0,60.5858,-161.1742,,,,
2018,2018210,f,0,9.00,Tikchik,0,60.1807,-158.4727,yes,1,5/13/18,5/14/18,05/18/18,5,4,mort,1,60.1650,-158.4730,black bear,,,
2018,2018211,f,0,8.20,Tikchik,0,60.1910,-158.5314,yes,2,5/12/18,5/14/18,10/13/18,154,152,unk,0,59.7879,-156.9603,,,,
2018,2018212,m,1,7.60,Tikchik,0,60.0835,-158.1258,searching,1,5/13/18,5/14/18,06/11/18,29,28,mort,1,60.3491,-160.3280,unk pred,,,
2018,2018213,f,0,,Tikchik,0,59.9547,-157.9276,yes,0,5/14/18,5/14/18,05/16/18,2,2,mort,1,59.9440,-157.9370,unk pred,,,
2018,2018214,m,1,10.20,Tikchik,0,59.8632,-157.7795,yes,2,5/12/18,5/14/18,10/13/18,154,152,mort,1,59.7966,-157.1925,unk pred,,,
2018,2018215,f,0,7.60,Tikchik,0,60.3789,-158.3000,searching,0,5/17/18,5/17/18,05/18/18,1,1,mort,1,60.3730,-158.3050,starvation,,,
2018,2018216,f,0,8.80,Tikchik,0,60.3910,-158.2924,yes,1,5/16/18,5/17/18,10/13/18,150,149,unk,0,60.7191,-160.1575,,,,
2018,2018217,f,0,6.60,Tikchik,0,60.4026,-158.2964,searching,0,5/17/18,5/17/18,05/20/18,3,3,mort,1,60.4010,-158.2940,brown bear,,,
2018,2018218,m,1,9.20,Tikchik,0,60.4108,-158.2928,yes,1,5/16/18,5/17/18,10/13/18,150,149,unk,0,60.4245,-159.7676,,,,
2018,2018219,f,0,,Tikchik,0,60.4115,-158.3459,yes,1,5/16/18,5/17/18,05/21/18,5,4,mort,1,60.4029,-158.5416,brown bear,,,
2018,2018220,m,1,7.00,Tikchik,0,60.4392,-158.4185,yes,0,5/17/18,5/17/18,11/12/18,179,179,mort,1,59.9424,-156.8789,unk pred,"Ramsey pick up, no notes on retrieval",,
2018,2018221,m,1,9.00,Tikchik,0,60.4563,-158.4206,yes,0,5/17/18,5/17/18,06/11/18,25,25,unk,0,60.4539,-161.3355,,,,
2018,2018222,m,1,10.20,Tikchik,0,60.4649,-158.4112,yes,0,5/17/18,5/17/18,10/13/18,149,149,unk,0,60.7675,-160.4083,,,,
2018,2018223,f,0,9.00,Tikchik,0,60.4329,-158.3520,yes,1,5/16/18,5/17/18,09/05/18,112,111,mort,1,60.4439,-159.6727,unk pred,,,
2018,2018224,m,1,8.80,Tikchik,0,60.4231,-158.3612,yes,1,5/16/18,5/17/18,06/11/18,26,25,mort,1,60.3873,-159.4832,unk pred,,,
2018,2018225,m,1,,Tikchik,0,60.4504,-158.2744,yes,0,5/19/18,5/19/18,06/11/18,23,23,mort,1,60.4157,-159.4038,unk pred,,,
2018,2018226,m,1,7.60,Tikchik,0,60.4557,-158.3229,searching,0,5/19/18,5/19/18,05/20/18,1,1,capture mort,2,60.4550,-158.3250,starvation,capture related,,
2018,2018227,m,1,,Tikchik,0,60.4667,-158.2067,yes,1,5/18/18,5/19/18,09/05/18,110,109,mort,1,60.5473,-159.6112,unk pred,,,
2018,2018228,f,0,8.00,Tikchik,0,60.4473,-158.2148,yes,1,5/18/18,5/19/18,05/24/18,6,5,mort,1,60.4630,-158.1333,brown bear,,,
2018,2018229,m,1,10.40,Tikchik,0,60.4494,-158.2818,yes,1,5/18/18,5/19/18,10/13/18,148,147,unk,0,60.2805,-161.1589,,,,
2018,2018230,m,1,8.40,Tikchik,0,60.4261,-158.4612,yes,1,5/18/18,5/19/18,06/11/18,24,23,mort,1,60.1678,-159.4892,unk pred,,,
2018,2018231,f,0,7.20,Tikchik,0,60.4498,-158.4357,yes,0,5/19/18,5/19/18,05/24/18,5,5,mort,1,60.4728,-158.3670,drowned,,,
2018,2018232,m,1,10.00,Tikchik,0,60.1847,-158.4602,unk,2,5/17/18,5/19/18,06/11/18,25,23,mort,1,60.0669,-159.8688,unk pred,,,
2018,2018233,f,0,6.00,Tikchik,0,60.3765,-158.6009,yes,0,5/21/18,5/21/18,10/13/18,145,145,unk,0,60.5550,-159.1424,,,,
2018,2018234,f,0,8.80,Tikchik,0,60.4078,-158.5175,yes,1,5/20/18,5/21/18,05/22/18,2,1,mort,1,60.4100,-158.5070,wolf,,,
2018,2018235,m,1,9.30,Tikchik,0,60.3676,-158.5723,yes,1,5/20/18,5/21/18,10/13/18,146,145,unk,0,60.9625,-160.5308,,,,
2018,2018236,unk,2,,Tikchik,0,60.3643,-158.5928,yes,1,5/20/18,5/21/18,05/24/18,4,3,mort,1,60.3720,-158.5780,brown bear,,,
2018,2018237,f,0,8.00,Tikchik,0,60.3178,-158.6496,yes,1,5/20/18,5/21/18,10/13/18,146,145,unk,0,60.2857,-160.6091,,,,
2018,2018238,f,0,7.20,Tikchik,0,60.3195,-158.6748,yes,1,5/20/18,5/21/18,06/11/18,22,21,unk,0,60.3998,-159.8481,,,,
2018,2018239,m,1,,Tikchik,0,60.3346,-158.6341,yes,0,5/21/18,5/21/18,05/26/18,5,5,mort,1,60.3360,-158.6310,unk pred,,,
2018,2018240,f,0,,Tikchik,0,60.3678,-158.5332,unk,0,5/21/18,5/21/18,06/11/18,21,21,unk,0,59.9761,-159.5585,,,,
2018,2018241,m,1,7.20,Tikchik,0,60.4216,-158.2613,yes,1,5/24/18,5/25/18,06/11/18,18,17,mort,1,59.9675,-159.6397,unk pred,,,
2018,2018242,f,0,,Tikchik,0,60.4297,-158.2383,yes,1,5/24/18,5/25/18,06/11/18,18,17,mort,1,59.9479,-159.7060,unk cause,,,
2018,2018243,m,1,,Tikchik,0,60.4068,-158.3264,yes,1,5/24/18,5/25/18,05/26/18,2,1,mort,1,60.3880,-158.2820,bear,,,
2019,2019100,m,1,,Tikchik,0,60.1542,-158.2927,yes,0,5/12/19,5/12/19,05/12/19,0,0,mort,1,60.3586,-158.5372,brown bear,,,
2019,2019101,m,1,,Tikchik,0,60.1576,-158.3194,searching,0,5/12/19,5/12/19,12/04/19,206,206,unk,0,,,,,,
2019,2019102,m,1,,Tikchik,0,60.2088,-158.4229,yes,1,5/11/19,5/12/19,05/12/19,1,0,mort,1,60.2022,-158.4474,brown bear,,,
2019,2019103,f,0,,Tikchik,0,60.1928,-158.4110,searching,2,5/10/19,5/12/19,08/22/19,104,102,unk,0,,,,,,
2019,2019104,f,0,,Tikchik,0,60.1858,-158.4318,yes,1,5/11/19,5/12/19,10/11/19,153,152,unk,0,,,,,,
2019,2019105,m,1,,Tikchik,0,60.2032,-158.4551,yes,1,5/11/19,5/12/19,08/08/19,89,88,mort,1,60.3923,-158.5058,unk pred,,,
2019,2019106,m,1,,Tikchik,0,60.1997,-158.4114,yes,1,5/11/19,5/12/19,03/31/20,325,324,unk,0,,,,,,
2019,2019107,m,1,,Tikchik,0,60.1894,-158.3368,yes,0,5/12/19,5/12/19,05/12/19,0,0,mort,1,60.2972,-158.6388,unk cause,,,
2019,2019108,m,1,,Tikchik,0,60.1859,-158.3257,yes,1,5/11/19,5/12/19,08/22/19,103,102,mort,1,60.5126,-158.8982,unk pred,,,
2019,2019109,f,0,,Tikchik,0,60.1761,-158.3422,yes,1,5/11/19,5/12/19,05/12/19,1,0,mort,1,60.3719,-158.4794,eagle,,,
2019,2019110,f,0,6.00,Tikchik,0,60.2415,-158.5525,searching,1,5/13/19,5/14/19,10/11/19,151,150,unk,0,,,,,,
2019,2019111,f,0,8.20,Tikchik,0,60.1978,-158.4413,yes,2,5/12/19,5/14/19,08/22/19,102,100,unk,0,60.5263,-159.2295,,,,
2019,2019112,f,0,9.00,Tikchik,0,60.1913,-158.4399,yes,2,5/12/19,5/14/19,05/31/19,19,17,unk,0,,,,,,
2019,2019113,f,0,10.00,Tikchik,0,60.1868,-158.4400,searching,2,5/12/19,5/14/19,05/31/19,19,17,mort,1,60.2656,-158.7157,unk pred,,,
2019,2019114,f,0,8.20,Tikchik,0,60.1610,-158.3572,yes,1,5/13/19,5/14/19,05/14/19,1,0,mort,1,60.1855,-158.4897,unk cause,,,
2019,2019115,f,0,10.20,Tikchik,0,60.1742,-158.3182,yes,2,5/12/19,5/14/19,04/10/20,334,332,unk,0,,,,,,
2019,2019116,m,1,9.00,Tikchik,0,60.1401,-158.3177,yes,1,5/13/19,5/14/19,05/14/19,1,0,mort,1,60.3216,-158.5127,brown bear,,,
2019,2019117,m,1,9.00,Tikchik,0,60.1588,-158.3182,yes,1,5/13/19,5/14/19,05/17/19,4,3,mort,1,60.3194,-158.4856,black bear,,,
2019,2019118,f,0,8.20,Tikchik,0,60.1588,-158.3182,yes,1,5/13/19,5/14/19,12/04/19,205,204,unk,0,,,,,,
2019,2019119,f,0,6.80,Tikchik,0,60.1508,-158.3434,yes,1,5/13/19,5/14/19,05/14/19,1,0,mort,1,60.2133,-158.4008,eagle,,,
2019,2019120,f,0,8.80,Tikchik,0,60.2197,-158.2603,yes,1,5/13/19,5/14/19,05/14/19,1,0,mort,1,60.3066,-158.4713,unk cause,,,
2019,2019121,m,1,8.20,Tikchik,0,60.2458,-158.2609,yes,2,5/12/19,5/14/19,05/31/19,19,17,unk,0,,,,,,
2019,2019122,f,0,7.20,Tikchik,0,60.2531,-158.3553,yes,1,5/13/19,5/14/19,05/31/19,18,17,mort,1,60.3239,-159.3044,unk pred,,,
2019,2019123,m,1,8.20,Tikchik,0,60.2276,-158.3134,yes,0,5/14/19,5/14/19,05/14/19,0,0,mort,1,60.4433,-158.5075,unk cause,,,
2019,2019124,m,1,7.40,Tikchik,0,60.2138,-158.3010,searching,2,5/12/19,5/14/19,05/31/19,19,17,mort,1,60.0608,-159.5039,unk pred,,,
2019,2019125,f,0,8.40,Tikchik,0,60.1641,-158.2136,yes,2,5/14/19,5/16/19,05/19/19,5,3,mort,1,60.1486,-158.3487,unk pred,,,
2019,2019126,f,0,7.60,Tikchik,0,60.1446,-158.2945,yes,1,5/15/19,5/16/19,05/16/19,1,0,mort,1,60.3719,-158.4990,unk cause,,,
2019,2019127,m,1,9.40,Tikchik,0,60.1956,-158.3415,yes,2,5/14/19,5/16/19,05/31/19,17,15,mort,1,59.9540,-160.1024,unk pred,,,
2019,2019128,f,0,8.40,Tikchik,0,60.1764,-158.3656,yes,1,5/15/19,5/16/19,05/19/19,4,3,mort,1,60.4367,-158.6447,eagle,,,
2019,2019129,f,0,8.80,Tikchik,0,60.1925,-158.4064,yes,2,5/14/19,5/16/19,10/11/19,150,148,unk,0,,,,,,
2019,2019130,m,1,9.20,Tikchik,0,60.1849,-158.4492,yes,2,5/14/19,5/16/19,05/31/19,17,15,mort,1,60.3728,-158.7924,unk pred,,,
2019,2019131,m,1,9.00,Tikchik,0,,,yes,2,5/14/19,5/16/19,05/19/19,5,3,mort,1,60.2138,-158.4356,unk pred,,,
2019,2019132,f,0,6.80,Tikchik,0,60.2588,-158.4910,yes,4,5/12/19,5/16/19,05/17/19,5,1,mort,1,60.3586,-158.5372,brown bear,,,
2019,2019133,m,1,7.20,Tikchik,0,60.3434,-158.3885,searching,1,5/15/19,5/16/19,05/19/19,4,3,mort,1,60.4358,-158.7915,unk pred,,,
2019,2019134,m,1,8.20,Tikchik,0,60.3598,-158.3785,yes,2,5/14/19,5/16/19,03/10/20,301,299,unk,0,,,,,,
2019,2019135,m,1,7.60,Tikchik,0,60.3580,-158.3537,yes,1,5/15/19,5/16/19,05/19/19,4,3,mort,1,60.3110,-158.0491,wolf,,,
2019,2019136,f,0,7.20,Tikchik,0,60.3572,-158.2805,yes,2,5/14/19,5/16/19,05/19/19,5,3,mort,1,60.2694,-158.4123,unk pred,,,
2019,2019137,f,0,8.80,Tikchik,0,60.2538,-158.2868,yes,2,5/14/19,5/16/19,05/17/19,3,1,mort,1,60.3450,-158.3433,brown bear,,,
2019,2019138,f,0,10.20,Tikchik,0,60.2094,-158.2428,yes,2,5/14/19,5/16/19,02/11/20,273,271,unk,0,,,,,,
2019,2019139,f,0,7.80,Tikchik,0,60.1167,-158.2717,yes,2,5/14/19,5/16/19,05/17/19,3,1,mort,1,60.3215,-158.4860,black bear,,,
2019,2019140,m,1,13.00,Tikchik,0,60.1188,-158.4976,yes,3,5/15/19,5/18/19,05/18/19,3,0,mort,1,60.1114,-158.5344,unk pred,,,
2019,2019141,m,1,9.20,Tikchik,0,60.0655,-158.4835,yes,2,5/16/19,5/18/19,08/22/19,98,96,mort,1,60.3571,-160.5801,unk pred,,,
2019,2019142,m,1,9.00,Tikchik,0,60.1307,-158.3092,yes,2,5/16/19,5/18/19,05/31/19,15,13,unk,0,,,,,,
2019,2019143,m,1,8.00,Tikchik,0,60.1337,-158.3949,yes,2,5/16/19,5/18/19,05/19/19,3,1,mort,1,60.1334,-158.3475,unk pred,,,
2019,2019144,f,0,8.60,Tikchik,0,60.2589,-158.5082,yes,0,5/18/19,5/18/19,05/19/19,1,1,mort,1,60.3019,-158.2672,unk pred,,,
2019,2019145,f,0,8.80,Tikchik,0,60.3065,-158.5058,yes,0,5/18/19,5/18/19,05/19/19,1,1,unk,0,60.3069,-158.5036,,,,
2019,2019146,m,1,7.20,Tikchik,0,60.3393,-158.2598,yes,1,5/17/19,5/18/19,05/19/19,2,1,mort,1,60.3527,-158.2226,unk pred,,,
2019,2019147,m,1,9.40,Tikchik,0,60.3343,-158.2558,searching,2,5/16/19,5/18/19,05/18/19,2,0,mort,1,60.4378,-158.5124,wolf,,,
2019,2019148,f,0,8.20,Tikchik,0,60.3018,-158.2746,yes,1,5/17/19,5/18/19,05/18/19,1,0,mort,1,60.3194,-158.0141,wolf,,,
2019,2019149,m,1,,Tikchik,0,60.2620,-158.3506,yes,1,5/17/19,5/18/19,05/19/19,2,1,unk,0,60.2109,-158.3335,,,,
2019,2019150,m,1,13.00,Tikchik,0,60.2365,-158.2387,yes,4,5/16/19,5/20/19,03/10/20,299,295,unk,0,,,,,,
2019,2019151, unk ,2,,Tikchik,0,60.2484,-158.2356,yes,0,5/20/19,5/20/19,05/20/19,0,0,capture mort,2,60.2484,-158.2356,abandoned,capture related,,
2019,2019152,m,1,9.20,Tikchik,0,60.2531,-158.2368,yes,3,5/17/19,5/20/19,05/21/19,4,1,mort,1,60.2555,-158.5853,unk pred,,,
2019,2019153,f,0,9.60,Tikchik,0,60.2645,-158.2249,yes,3,5/17/19,5/20/19,10/11/19,147,144,unk,0,,,,,,
2019,2019154,m,1,8.00,Tikchik,0,60.3001,-158.1740,yes,2,5/18/19,5/20/19,05/21/19,3,1,unk,0,60.4332,-158.7194,,,,
2019,2019155,f,0,9.80,Tikchik,0,60.3335,-158.5858,yes,1,5/19/19,5/20/19,05/21/19,2,1,unk,0,60.3170,-158.5518,,,,
2019,2019156,m,1,8.20,Tikchik,0,60.3216,-158.6070,yes,1,5/19/19,5/20/19,05/20/19,1,0,mort,1,,,unk pred,no waypoint,,
2019,2019157,f,0,9.80,Tikchik,0,60.3216,-158.6070,yes,2,5/18/19,5/20/19,05/21/19,3,1,unk,0,,,,,,
2019,2019158,m,1,,Tikchik,0,60.3312,-158.6238,yes,1,5/19/19,5/20/19,05/21/19,2,1,mort,1,60.1496,-159.7382,unk pred,,,
2019,2019159,m,1,,Tikchik,0,60.3495,-158.6462,yes,1,5/19/19,5/20/19,10/11/19,145,144,unk,0,,,,,,
2019,2019160, unk ,2,,Tikchik,0,60.3445,-158.6856,searching,1,5/19/19,5/20/19,05/21/19,2,1,mort,1,60.4912,-158.9087,unk pred,,,
2019,2019200,f,0,6.00,Mosquito/MCH,1,60.6635,-155.9796,yes,1,5/12/19,5/13/19,08/08/19,88,87,mort,1,60.6308,-156.0593,unk pred,,,
2019,2019201,f,0,7.00,Mosquito/MCH,1,60.6635,-155.9796,yes,0,5/13/19,5/13/19,10/11/19,151,151,mort,1,60.2284,-156.5367,unk pred,,,
2019,2019202,m,1,10.00,Mosquito/MCH,1,60.6635,-155.9796,searching,3,5/10/19,5/13/19,08/08/19,90,87,mort,1,59.6073,-155.9866,unk cause,,,
2019,2019203,f,0,7.00,Mosquito/MCH,1,60.6750,-155.9658,yes,1,5/12/19,5/13/19,05/14/20,368,367,unk,0,,,,,,
2019,2019204,m,1,10.00,Mosquito/MCH,1,60.6577,-155.9584,yes,1,5/12/19,5/13/19,05/19/19,7,6,mort,1,60.6250,-156.0835,unk pred,,,
2019,2019205,f,0,9.00,Mosquito/MCH,1,60.6175,-156.2798,searching,0,5/13/19,5/13/19,10/11/19,151,151,unk,0,59.5339,-156.7904,,,,
2019,2019206,m,1,8.00,Mosquito/MCH,1,60.6415,-156.1343,searching,1,5/12/19,5/13/19,10/11/19,152,151,mort,1,60.4523,-155.4014,unk pred,,,
2019,2019207,f,0,9.00,Mosquito/MCH,1,60.6314,-156.1482,searching,1,5/12/19,5/13/19,10/11/19,152,151,mort,1,59.9243,-156.3072,unk cause,,,
2019,2019208,f,0,8.60,Mosquito/MCH,1,60.6438,-156.0634,yes,1,5/12/19,5/13/19,10/11/19,152,151,mort,1,60.1049,-156.4390,unk cause,,,
2019,2019209,m,1,10.00,Mosquito/MCH,1,60.6311,-156.0142,searching,2,5/11/19,5/13/19,01/08/20,242,240,mort,1,59.2914,-156.8313,unk pred,,,
2019,2019210,m,1,10.40,Mosquito/MCH,1,60.6711,-155.9129,yes,2,5/13/19,5/15/19,06/27/19,45,43,unk,0,59.7976,-156.6736,,,,
2019,2019211,f,0,9.80,Mosquito/MCH,1,60.6613,-155.9672,yes,1,5/14/19,5/15/19,10/11/19,150,149,unk,0,59.6211,-156.8227,,,,
2019,2019212,f,0,9.60,Mosquito/MCH,1,60.6465,-155.9810,yes,2,5/13/19,5/15/19,10/11/19,151,149,unk,0,60.4055,-156.0867,,,,
2019,2019213,m,1,9.00,Mosquito/MCH,1,60.6743,-155.9747,searching,1,5/14/19,5/15/19,08/08/19,86,85,unk,0,60.0236,-156.8950,,,,
2019,2019214,f,0,8.00,Mosquito/MCH,1,60.7051,-155.8731,searching,1,5/14/19,5/15/19,08/08/19,86,85,mort,1,59.9317,-156.8395,unk pred,,,
2019,2019215,m,1,9.00,Mosquito/MCH,1,60.7043,-156.1253,yes,2,5/13/19,5/15/19,05/31/19,18,16,mort,1,60.3630,-156.5181,unk pred,,,
2019,2019216,f,0,9.00,Mosquito/MCH,1,60.6959,-156.1072,searching,2,5/13/19,5/15/19,08/08/19,87,85,mort,1,60.4641,-156.1561,unk pred,,,
2019,2019217,f,0,8.40,Mosquito/MCH,1,60.6230,-156.1847,yes,2,5/13/19,5/15/19,06/27/19,45,43,mort,1,60.3379,-156.8846,unk pred,,,
2019,2019218,f,0,9.20,Mosquito/MCH,1,60.7042,-156.1700,searching,2,5/13/19,5/15/19,01/08/20,240,238,mort,1,59.7753,-156.6635,unk cause,,,
2019,2019219,m,1,10.40,Mosquito/MCH,1,60.6692,-156.1809,yes,3,5/12/19,5/15/19,05/31/19,19,16,mort,1,59.9846,-156.9730,unk pred,,,
2019,2019220,m,1,11.00,Mosquito/MCH,1,60.6346,-156.1684,yes,3,5/12/19,5/15/19,05/14/20,368,365,unk,0,,,,,,
2019,2019221,f,0,9.40,Mosquito/MCH,1,,,yes,3,5/12/19,5/15/19,10/11/19,152,149,unk,0,,,,,,
2019,2019222,m,1,9.20,Mosquito/MCH,1,60.6437,-156.1389,yes,1,5/14/19,5/15/19,06/27/19,44,43,mort,1,59.9794,-157.1128,unk pred,age yest estimated/recorded at capture,,
2019,2019223,m,1,,Mosquito/MCH,1,60.6478,-156.2222,yes,2,5/13/19,5/15/19,05/15/19,2,0,mort,1,60.6755,-156.3961,unk pred,,,
2019,2019224,m,1,8.20,Mosquito/MCH,1,60.6478,-156.2470,yes,2,5/13/19,5/15/19,05/17/19,4,2,mort,1,60.7816,-156.3589,unk pred,,,
2019,2019225,m,1,8.00,Mosquito/MCH,1,60.6696,-155.2611,yes,1,5/16/19,5/17/19,05/17/19,1,0,mort,1,60.7769,-155.4036,unk pred,,,
2019,2019226,m,1,8.40,Mosquito/MCH,1,60.6734,-155.6638,searching,2,5/15/19,5/17/19,05/17/19,2,0,mort,1,60.7716,-155.7867,unk pred,,,
2019,2019227,m,1,12.20,Mosquito/MCH,1,60.6753,-155.6787,yes,3,5/14/19,5/17/19,06/27/19,44,41,mort,1,60.4766,-156.4579,unk pred,,,
2019,2019228,m,1,10.40,Mosquito/MCH,1,60.6877,-155.6795,yes,2,5/15/19,5/17/19,05/19/19,4,2,mort,1,60.6476,-155.6690,unk pred,,,
2019,2019229,m,1,9.00,Mosquito/MCH,1,60.6999,-156.0120,searching,1,5/16/19,5/17/19,02/09/20,269,268,unk,0,59.8000,-156.6923,,,,
2019,2019230,m,1,8.00,Mosquito/MCH,1,60.5813,-156.1193,searching,1,5/16/19,5/17/19,08/08/19,84,83,mort,1,60.0327,-156.7304,unk pred,,,
2019,2019231,m,1,10.00,Mosquito/MCH,1,60.5631,-156.0829,yes,2,5/17/19,5/19/19,06/12/19,26,24,mort,1,59.5394,-156.7681,unk pred,,,
2019,2019232,m,1,8.20,Mosquito/MCH,1,60.6022,-156.0903,yes,2,5/17/19,5/19/19,05/19/19,2,0,mort,1,60.6348,-155.8545,unk pred,,,
2019,2019233,m,1,8.40,Mosquito/MCH,1,60.6022,-156.0903,yes,1,5/18/19,5/19/19,05/20/19,2,1,mort,1,60.6500,-156.0714,unk pred,,,
2019,2019234,f,0,6.60,Mosquito/MCH,1,60.6116,-156.0833,yes,1,5/18/19,5/19/19,05/19/19,1,0,unk,0,60.5548,-155.8587,,,,
2019,2019235,f,0,6.60,Mosquito/MCH,1,60.6047,-156.0835,yes,1,5/18/19,5/19/19,05/19/19,1,0,mort,1,60.6350,-156.0756,unk pred,,,
2019,2019236,m,1,10.20,Mosquito/MCH,1,60.6002,-156.0694,no,2,5/17/19,5/19/19,05/19/19,2,0,mort,1,60.6630,-156.1687,unk pred,,,
2019,2019237,m,1,10.50,Mosquito/MCH,1,60.5937,-156.0390,yes,3,5/16/19,5/19/19,10/11/19,148,145,unk,0,59.3393,-156.9800,,,,
2019,2019238,m,1,9.80,Mosquito/MCH,1,60.5927,-156.0374,yes,2,5/17/19,5/19/19,06/27/19,41,39,mort,1,60.5477,-156.1578,unk pred,,,
2019,2019239,f,0,8.80,Mosquito/MCH,1,60.6393,-156.1531,yes,2,5/17/19,5/19/19,02/09/20,268,266,unk,0,59.6702,-156.4823,,,,
2019,2019240,m,1,9.20,Mosquito/MCH,1,60.6254,-156.1255,yes,1,5/18/19,5/19/19,05/19/19,1,0,mort,1,60.6039,-156.1399,unk pred,,,
2020,2020100,f,0,9.50,Mosquito/MCH,1,60.4509,-156.1099,yes,1,5/15/20,5/16/20,7/29/20,75,74,unk,0,,,,,,
2020,2020101,m,1,9.50,Mosquito/MCH,1,60.4812,-156.3072,yes,1,5/15/20,5/16/20,5/23/20,8,7,mort,1,60.5656,-156.2598,unk pred,,,
2020,2020102,m,1,9.00,Mosquito/MCH,1,60.4711,-156.3566,no,2,5/14/20,5/16/20,7/29/20,76,74,mort,1,60.2536,-155.9199,unk pred,,,
2020,2020103,m,1,8.50,Mosquito/MCH,1,60.5743,-156.2885,yes,0,5/16/20,5/16/20,7/29/20,74,74,mort,1,60.2890,-156.4093,unk pred,,,
2020,2020104,m,1,9.50,Mosquito/MCH,1,60.5742,-156.2504,yes,2,5/14/20,5/16/20,9/22/20,131,129,unk,0,,,,,,
2020,2020105,f,0,8.50,Mosquito/MCH,1,60.5723,-156.2089,unk,2,5/14/20,5/16/20,5/22/21,373,371,unk,0,,,,,,
2020,2020106,f,0,7.50,Mosquito/MCH,1,60.5706,-156.1793,unk,1,5/15/20,5/16/20,5/23/20,8,7,mort,1,60.4824,-156.2078,unk pred,,,
2020,2020107,f,0,5.50,Mosquito/MCH,1,60.5725,-156.1487,yes,1,5/15/20,5/16/20,5/16/20,1,0,mort,1,60.5768,-156.1580,unk cause,vet necropsy; find results,,
2020,2020108,m,1,11.00,Mosquito/MCH,1,60.5915,-156.1388,no,1,5/15/20,5/16/20,1/25/21,255,254,mort,1,,,,,,
2020,2020109,m,1,8.00,Mosquito/MCH,1,60.5850,-156.0481,yes,2,5/14/20,5/16/20,5/16/20,na,0,unk,2,60.5996,-155.9738,,"collar only after 24hrs, likely slipped collar",,
2020,2020110, unk ,2,,Mosquito/MCH,1,60.6196,-155.9752,searching,2,5/14/20,5/16/20,9/22/20,131,129,unk,0,,,,,,
2020,2020111, unk ,2,11.00,Mosquito/MCH,1,60.6320,-155.9498,yes,3,5/13/20,5/16/20,5/11/21,363,360,unk,0,,,,,,
2020,2020112,f,0,7.50,Mosquito/MCH,1,60.6477,-155.8951,yes,3,5/13/20,5/16/20,5/17/20,4,1,mort,1,60.6635,-155.8987,wolf,,,
2020,2020113,f,0,8.50,Mosquito/MCH,1,60.6304,-155.9236,yes,1,5/15/20,5/16/20,7/29/20,75,74,mort,1,60.5608,-156.0945,unk pred,,,
2020,2020114,m,1,6.50,Mosquito/MCH,1,60.6310,-155.9012,yes,0,5/16/20,5/16/20,5/17/20,1,1,mort,1,60.6292,-155.9252,eagle,,,
2020,2020115,f,0,8.00,Mosquito/MCH,1,60.5904,-155.8594,yes,1,5/15/20,5/16/20,7/29/20,75,74,unk,0,60.5139,-155.8574,,,,
2020,2020116,f,0,9.50,Mosquito/MCH,1,60.5851,-155.8490,yes,1,5/15/20,5/16/20,5/22/21,372,371,unk,0,,,,,,
2020,2020117,m,1,7.50,Mosquito/MCH,1,60.5652,-155.8980,yes,1,5/15/20,5/16/20,7/29/20,75,74,mort,1,60.2716,-155.9971,unk pred,,,
2020,2020118,f,0,8.00,Mosquito/MCH,1,60.5258,-155.9944,searching,1,5/15/20,5/16/20,3/31/21,320,319,unk,0,,,,,,
2020,2020119,m,1,9.50,Mosquito/MCH,1,60.5450,-156.0222,yes,2,5/14/20,5/16/20,5/22/21,373,371,unk,0,,,,,,
2020,2020120,f,0,,Mosquito/MCH,1,60.5481,-156.0336,yes,0,5/16/20,5/16/20,5/11/21,360,360,unk,0,,,,,,
2020,2020121,f,0,9.50,Mosquito/MCH,1,60.7603,-155.6268,yes,3,5/17/20,5/20/20,6/3/20,17,14,mort,1,60.7545,-155.5707,unk pred,,,
2020,2020122,m,1,12.00,Mosquito/MCH,1,60.6863,-155.8295,yes,3,5/17/20,5/20/20,5/23/20,6,3,mort,1,,,,,,
2020,2020123,m,1,10.00,Mosquito/MCH,1,60.6551,-155.8200,yes,2,5/18/20,5/20/20,5/20/20,2,0,mort,1,60.6414,-155.7831,eagle,,,
2020,2020124,m,1,,Mosquito/MCH,1,60.6556,-155.8020,searching,1,5/19/20,5/20/20,5/20/20,1,0,mort,1,60.6899,-155.8112,wolf,,,
2020,2020125,f,0,,Mosquito/MCH,1,60.6439,-155.7900,yes,2,5/18/20,5/20/20,5/22/21,369,367,unk,0,,,,,,
2020,2020126,f,0,7.50,Mosquito/MCH,1,60.6241,-155.9035,yes,1,5/19/20,5/20/20,5/20/20,1,0,mort,1,60.6318,-155.9726,brown bear,,,
2020,2020127,f,0,7.50,Mosquito/MCH,1,60.6022,-155.9278,yes,2,5/18/20,5/20/20,5/11/21,358,356,unk,0,,,,,,
2020,2020128,m,1,8.00,Mosquito/MCH,1,60.6579,-155.9883,yes,2,5/18/20,5/20/20,5/23/21,370,368,unk,0,,,,,,
2020,2020129,f,0,7.90,Mosquito/MCH,1,60.5997,-155.9854,no,2,5/18/20,5/20/20,5/23/20,5,3,mort,1,60.3190,-156.4536,unk pred,,,
2020,2020130,f,0,,Mosquito/MCH,1,60.5997,-155.9854,no,2,5/18/20,5/20/20,5/20/20,2,0,unk,0,60.5999,-155.9873,,,,
2020,2020131,m,1,10.50,Mosquito/MCH,1,60.5763,-156.0298,yes,2,5/18/20,5/20/20,7/29/20,72,70,mort,1,60.5515,-156.0510,unk pred,,,
2020,2020132,m,1,10.50,Mosquito/MCH,1,60.5703,-156.0290,yes,3,5/17/20,5/20/20,7/1/20,45,42,mort,1,60.6798,-155.8966,unk pred,,,
2020,2020133,f,0,8.00,Mosquito/MCH,1,60.5788,-156.1774,searching,1,5/19/20,5/20/20,5/22/21,368,367,unk,0,,,,,,
2020,2020134,f,0,,Mosquito/MCH,1,60.5893,-156.2372,yes,1,5/19/20,5/20/20,7/29/20,71,70,unk,0,60.2568,-156.6463,,,,
2020,2020135,f,0,,Mosquito/MCH,1,60.5366,-156.0563,yes,1,5/19/20,5/20/20,5/23/20,4,3,mort,1,,,,,,
2020,2020136,f,0,10.00,Mosquito/MCH,1,60.5512,-155.9639,no,2,5/18/20,5/20/20,10/5/20,140,138,unk,0,,,,,,
2020,2020137,m,1,12.00,Mosquito/MCH,1,60.5775,-155.8956,yes,3,5/17/20,5/20/20,7/29/20,73,70,unk,0,60.1970,-156.7000,,,,
2020,2020138,f,0,,Mosquito/MCH,1,60.5749,-155.8870,no,2,5/18/20,5/20/20,5/22/21,369,367,unk,0,,,,,,
2020,2020139,f,0,10.00,Mosquito/MCH,1,60.6256,-155.8022,no,2,5/18/20,5/20/20,5/23/20,5,3,mort,1,60.5982,-155.9696,unk pred,,,
2020,2020140,f,0,9.00,Mosquito/MCH,1,60.6681,-155.8114,yes,2,5/18/20,5/20/20,3/31/21,317,315,unk,0,,,,,,
2020,2020141,f,0,,Mosquito/MCH,1,60.6408,-155.8964,yes,2,5/18/20,5/20/20,5/20/20,2,0,mort,1,60.6414,-155.7831,unk pred,,,
2021,2021100,f,0,,south,,59.426542,-157.912437,yes,1,5/14/21,5/15/21,1/27/22,258,257,unk,0,59.5520,-157.13740,,,,
2021,2021101,m,1,8.5,south,,59.450439,-157.848515,yes,1,5/14/21,5/15/21,8/2/21,80,79,mort,1,59.4302,-157.8144,unk,mom returned to capture site immediately,,
2021,2021102,f,0,8.0,south,,59.698178,-157.26917,yes,2,5/13/21,5/15/21,4/8/22,330,328,unk,0,59.6216,-157.19698,,,,
2021,2021103,f,0,11.0,Mosquito/MCH,1,59.833035,-157.00871,yes,2,5/13/21,5/15/21,8/2/21,81,79,mort,1,60.6478,-156.02873,unk pred,,,
2021,2021104,m,1,7.0,Mosquito/MCH,1,60.506742,-156.16905,yes,0,5/15/21,5/15/21,6/28/21,44,44,mort,1,60.2385,-156.54268,unk pred,,,
2021,2021105,m,1,9.5,Mosquito/MCH,1,60.858215,-155.489623,yes,1,5/14/21,5/15/21,5/19/21,5,4,mort,1,60.8530,-155.5288,bear,,,
2021,2021106,f,0,11.0,Mosquito/MCH,1,60.850554,-155.47839,yes,2,5/13/21,5/15/21,1/26/22,258,256,unk,0,,,,,,
2021,2021107,m,1,8.5,Mosquito/MCH,1,60.854931,-155.464321,no,1,5/14/21,5/15/21,1/26/22,257,256,unk,0,59.9319,-156.55031,,,,
2021,2021108,f,0,10.0,Tikchik,0,60.370816,-158.580226,yes,2,5/14/21,5/16/21,5/16/21,2,0,unk,0,60.370816,-158.580226,,"pu a dead calf at this site as well. No signal after capture, potential collar failure",,
2021,2021109,m,1,8.5,Tikchik,0,60.4087,-158.460646,yes,2,5/14/21,5/16/21,10/18/21,157,155,unk,0,60.5102,-161.64584,harvest? p/u Eek Lk when/where other cows died,"mom searched hard, didn’t find calf for a couple hours. We came back and did a dumbo drop and they reconnected",,
2021,2021110,m,1,8.5,Tikchik,0,60.353885,-158.543554,yes,2,5/14/21,5/16/21,3/6/22,296,294,unk,0,59.7937,-156.76964,,,,
2021,2021111,m,1,7.0,Tikchik,0,60.22255,-158.373622,yes,1,5/15/21,5/16/21,6/30/21,46,45,unk,0,60.4367,-159.79497,,,,
2021,2021112,f,0,7.0,Tikchik,0,60.267471,-158.532724,yes,1,5/15/21,5/16/21,5/17/21,2,1,mort,1,60.2708,-158.4886,brown bear,"pu dead calf at this site too.  Mom of this calf had placenta hanging still, but calf was dry",,
2021,2021113,f,0,11.0,south,,59.438925,-157.827799,yes,3,5/14/21,5/17/21,6/5/21,22,19,unk,0,,,,,,
2021,2021114,m,1,10.0,Mosquito/MCH,1,60.708431,-155.681204,yes,2,5/15/21,5/17/21,5/19/21,4,2,mort,1,60.7065,-155.65942,bear,,,
2021,2021115,m,1,7.5,Mosquito/MCH,1,60.779719,-155.723118,yes,0,5/17/21,5/17/21,5/17/21,0,0,mort,1,60.7704,-155.7058,bear,,,
2021,2021116,f,0,10.0,Mosquito/MCH,1,60.823377,-155.740283,yes,2,5/15/21,5/17/21,5/15/22,365,363,unk,0,,,,,,
2021,2021117,m,1,8.5,Mosquito/MCH,1,60.919085,-155.816225,no,1,5/16/21,5/17/21,5/17/21,1,0,mort,1,60.9061,-155.82156,black bear,,,
2021,2021118,f,0,8.0,Mosquito/MCH,1,60.75812,-155.564564,yes,0,5/17/21,5/17/21,5/18/21,1,1,mort,1,60.7456,-155.5485,wolverine,calf of cow 5470,,
2021,2021119,m,1,8.5,Tikchik,0,60.223324,-158.26600,yes,0,5/18/21,5/18/21,11/19/21,185,185,unk,0,60.4557,-161.58136,harvest? p/u Eek Lk when/where other cows died,wet umbi,,
2021,2021120,m,1,10.0,Tikchik,0,60.269026,-158.470722,yes,1,5/17/21,5/18/21,5/21/21,4,3,mort,1,60.3109,-158.4912,bear,dried umbi,,
2021,2021121,f,0,8.0,Tikchik,0,60.261348,-158.458284,yes,2,5/16/21,5/18/21,5/18/21,2,0,unk,0,60.2677,-158.4695,unk,"ramseys cap!!! Collar only in alders, no footprints. Slipped collar?",,
2021,2021122,m,1,9.0,Tikchik,0,60.339356,-158.57749,yes,1,5/17/21,5/18/21,11/19/21,186,185,unk,0,60.4730,-161.80405,harvest? p/u Eek Lk when/where other cows died,mom spooked at reconnect,,
2021,2021123,m,1,8.0,Tikchik,0,60.341751,-158.541687,yes,1,5/17/21,5/18/21,5/21/21,4,3,mort,1,60.2846,-158.5233,bear,"dry umb, mom spooked at reconnect",,
2021,2021124,f,0,8.0,Mosquito/MCH,1,60.724901,-155.748744,yes,1,5/18/21,5/19/21,10/3/21,138,137,unk,0,60.5493,-156.6333,,collar not retrieved,,
2021,2021125,m,1,11.0,Mosquito/MCH,1,60.859316,-155.47518,yes,2,5/17/21,5/19/21,6/5/21,19,17,mort,1,60.3395,-156.35590,,came back and searched and found,,
2021,2021126,f,0,8.0,Mosquito/MCH,1,60.860045,-155.584751,yes,3,5/16/21,5/19/21,5/15/22,364,361,unk,0,,,,,,
2021,2021127,f,0,8.0,Mosquito/MCH,1,60.864585,-155.611676,yes,3,5/16/21,5/19/21,5/22/21,6,3,mort,1,60.8265,-155.5473,unk pred,,,
2021,2021128,f,0,12.0,Mosquito/MCH,1,60.94735,-155.725816,yes,3,5/16/21,5/19/21,5/15/22,364,361,unk,0,,,,dry umb/wet calf,,
2021,2021129,m,1,,Mosquito/MCH,1,60.941499,-155.76348,yes,0,5/19/21,5/19/21,5/21/21,2,2,mort,1,60.9408,-155.7258,unk pred,afterbirth,,
2021,2021130,f,0,9.0,Mosquito/MCH,1,60.571696,-155.76346,yes,1,5/20/21,5/21/21,10/3/21,136,135,unk,0,60.0194,-156.36359,,,,
2021,2021131,f,0,,Mosquito/MCH,1,60.57725,-155.782487,yes,2,5/19/21,5/21/21,11/19/21,184,182,unk,0,,,,,,
2021,2021132,unk,2,8.8,Mosquito/MCH,1,60.757512,-155.740546,yes,3,5/18/21,5/21/21,5/15/22,362,359,unk,0,,,,,,
2021,2021133,f,0,7.8,Mosquito/MCH,1,60.757143,-155.74031,yes,1,5/20/21,5/21/21,10/7/21,140,139,unk,0,59.4370,-156.51747,,F from heli,,
2021,2021134,m,1,10.5,Mosquito/MCH,1,60.830691,-155.711424,yes,3,5/18/21,5/21/21,1/26/22,253,250,unk,0,59.9898,-156.36633,,,,
2021,2021135,f,0,8.0,Tikchik,0,60.23915,-158.226274,yes,0,5/22/21,5/22/21,11/19/21,181,181,unk,0,60.4730,-161.73836,harvest? p/u Eek Lk when/where other cows died,,,
2021,2021136,m,1,8.0,Tikchik,0,60.196711,-158.435853,yes,1,5/21/21,5/22/21,8/2/21,73,72,unk,0,60.4303,-159.76360,,,,
2021,2021137,m,1,,Tikchik,0,60.187684,-158.464177,yes,0,5/22/21,5/22/21,6/30/21,39,39,unk,0,60.4423,-160.68814,,,,
2021,2021138,f,0,,Tikchik,0,60.272292,-158.414453,yes,1,5/21/21,5/22/21,5/15/22,359,358,unk,0,,,,,,
2021,2021139,m,1,,Tikchik,0,60.282005,-158.357855,yes,2,5/20/21,5/22/21,6/5/21,16,14,mort,1,60.2537,-158.65298,unk pred,,,
2021,2021140,m,1,,Tikchik,0,60.334629,-158.655965,yes,1,5/21/21,5/22/21,5/24/21,3,2,mort,1,60.4214,-158.6505,bear,,,
2021,2021141,unk,2,,Tikchik,0,60.369826,-158.746537,yes,0,5/22/21,5/22/21,5/23/21,1,1,mort,1,60.3140,-158.68650,wolf,,,
2021,2021142,unk,2,,Tikchik,0,60.377778,-158.78169,yes,1,5/21/21,5/22/21,5/23/21,2,1,mort,1,60.3772,-158.7386,unk pred,,,
2021,2021143,unk,2,,Tikchik,0,60.403659,-158.334042,yes,2,5/20/21,5/22/21,4/8/22,323,321,unk,0,59.9935,-157.3031,,,,
2021,2021144,unk,2,,Tikchik,0,60.361296,-158.316423,yes,1,5/21/21,5/22/21,6/11/21,21,20,mort,1,60.3049,-158.90295,unk pred,,,
2021,2021145,unk,2,,Tikchik,0,60.333533,-158.33998,yes,1,5/21/21,5/22/21,5/24/21,3,2,mort,1,60.3320,-158.4683,brown bear,,,
2021,2021146,f,0,,Tikchik,0,60.331312,-158.326508,yes,2,5/20/21,5/22/21,5/22/21,2,0,mort,1,60.3419,-158.30530,bear,,,
2021,2021147,m,1,,Tikchik,0,60.273698,-158.464899,yes,2,5/20/21,5/22/21,6/30/21,41,39,unk,0,60.2822,-159.65380,,collar not retrieved-under ice,,
,,,,,,,,,,,,,,,,,,,,,,,
,,,,,,,,,,,,,,,,,,,,,,,
,,,,,,,,,,,,,,,,,,,,,,,
,,,,,,,,,,,,,,,,,,,,,,,
,,,,,,,,,,,,,,,,,,,,,,,
,,,,,,,,,,,,,,,,,,,,,,,
,,,,,,,,,,,,,,,,,,,,,,,
,,,,,,,,,,,,,,,,,,,,,,,
,,,,,,,,,,,,,,,,,,,,,,,
,,,,,,,,,,,,,,,,,,,,,,,
,,,,,,,,,,,,,,,,,,,,,,,
,,,,,,,,,,,,,,,,,,,,,,,